-- phpMyAdmin SQL Dump
-- version 4.0.10deb1
-- http://www.phpmyadmin.net
--
-- Host: localhost
-- Generation Time: Dec 27, 2015 at 11:59 AM
-- Server version: 5.5.46-0ubuntu0.14.04.2
-- PHP Version: 5.5.9-1ubuntu4.14

SET SQL_MODE = "NO_AUTO_VALUE_ON_ZERO";
SET time_zone = "+00:00";


/*!40101 SET @OLD_CHARACTER_SET_CLIENT=@@CHARACTER_SET_CLIENT */;
/*!40101 SET @OLD_CHARACTER_SET_RESULTS=@@CHARACTER_SET_RESULTS */;
/*!40101 SET @OLD_COLLATION_CONNECTION=@@COLLATION_CONNECTION */;
/*!40101 SET NAMES utf8 */;

--
-- Database: `wizcationc_wiz`
--

-- --------------------------------------------------------

--
-- Table structure for table `accomodation`
--

CREATE TABLE IF NOT EXISTS `accomodation` (
  `acc_id` int(100) NOT NULL AUTO_INCREMENT,
  `title_name` varchar(200) NOT NULL,
  `property_code` varchar(200) NOT NULL,
  `room_code` varchar(200) NOT NULL,
  `room_number` int(10) DEFAULT NULL,
  `allotment` varchar(200) NOT NULL,
  `room_type` varchar(200) NOT NULL,
  `accommodates` varchar(200) NOT NULL,
  `basic_night` varchar(200) NOT NULL,
  `weekend_night` varchar(200) NOT NULL,
  `canceltype` int(3) NOT NULL,
  `cancelday` varchar(200) NOT NULL,
  `guest_night` varchar(100) NOT NULL,
  `breakfast_price` varchar(100) NOT NULL,
  `cancle_option` int(1) DEFAULT NULL,
  `ref_code` varchar(100) DEFAULT NULL,
  `created` varchar(100) NOT NULL,
  `status` int(3) NOT NULL DEFAULT '0',
  PRIMARY KEY (`acc_id`)
) ENGINE=InnoDB  DEFAULT CHARSET=utf8 AUTO_INCREMENT=112 ;

--
-- Dumping data for table `accomodation`
--

INSERT INTO `accomodation` (`acc_id`, `title_name`, `property_code`, `room_code`, `room_number`, `allotment`, `room_type`, `accommodates`, `basic_night`, `weekend_night`, `canceltype`, `cancelday`, `guest_night`, `breakfast_price`, `cancle_option`, `ref_code`, `created`, `status`) VALUES
(98, 'Premium suit', '2464297', '63548', 1405, '5', '12', '5', '450', '', 0, '', '150', '8000', 3, '1', '2015-12-13 12:48:22', 0),
(104, 'Delux suit', '2464297', '63549', 1415, '5', '12', '5', '450', '', 0, '', '150', '8000', 3, '2', '2015-12-13 12:48:22', 0),
(110, 'Sweet suit', '2464297', '63450', 1425, '5', '12', '5', '450', '', 0, '', '150', '8000', 3, '3', '2015-12-13 12:48:22', 1),
(111, 'Add test room', '2464297', '83458', NULL, '5', '12', '5', '999', '', 0, '', '500', '255', 2, 'T0O2STyrYo', '2015-12-27 10:17:43', 0);

-- --------------------------------------------------------

--
-- Table structure for table `accomodation_guest`
--

CREATE TABLE IF NOT EXISTS `accomodation_guest` (
  `id` int(100) NOT NULL AUTO_INCREMENT,
  `property_code` varchar(200) DEFAULT NULL,
  `room_code` varchar(200) DEFAULT NULL,
  `booking_number` varchar(200) DEFAULT NULL,
  `booking_reference` varchar(200) DEFAULT NULL,
  `booking_date` varchar(200) DEFAULT NULL,
  `guest_name` varchar(200) DEFAULT NULL,
  `status` varchar(200) DEFAULT NULL,
  `check_in` varchar(200) DEFAULT NULL,
  `check_out` varchar(200) DEFAULT NULL,
  `price` varchar(200) NOT NULL,
  `paid` varchar(200) NOT NULL,
  `remain` varchar(200) NOT NULL,
  `created` varchar(200) NOT NULL,
  `update` varchar(200) NOT NULL,
  PRIMARY KEY (`id`)
) ENGINE=InnoDB DEFAULT CHARSET=utf8 AUTO_INCREMENT=1 ;

-- --------------------------------------------------------

--
-- Table structure for table `accomodation_information`
--

CREATE TABLE IF NOT EXISTS `accomodation_information` (
  `information_id` int(11) NOT NULL AUTO_INCREMENT,
  `property_code` int(20) NOT NULL,
  `hotel_type` int(11) NOT NULL,
  `partner_region` int(11) NOT NULL,
  `partner_province` int(11) NOT NULL,
  `partner_district` int(11) NOT NULL,
  `address` varchar(500) COLLATE utf8_unicode_ci NOT NULL,
  `latitude` double NOT NULL,
  `longitude` double NOT NULL,
  `hashtag` varchar(500) COLLATE utf8_unicode_ci NOT NULL,
  `checkin` varchar(255) COLLATE utf8_unicode_ci NOT NULL,
  `checkout` varchar(255) COLLATE utf8_unicode_ci NOT NULL,
  `cancle_option` int(1) DEFAULT NULL,
  `currency_code` varchar(100) COLLATE utf8_unicode_ci DEFAULT NULL,
  `catergory` text COLLATE utf8_unicode_ci NOT NULL,
  `ref_code` varchar(100) COLLATE utf8_unicode_ci NOT NULL,
  `datetime_update` datetime DEFAULT NULL,
  PRIMARY KEY (`information_id`)
) ENGINE=InnoDB  DEFAULT CHARSET=utf8 COLLATE=utf8_unicode_ci AUTO_INCREMENT=2 ;

--
-- Dumping data for table `accomodation_information`
--

INSERT INTO `accomodation_information` (`information_id`, `property_code`, `hotel_type`, `partner_region`, `partner_province`, `partner_district`, `address`, `latitude`, `longitude`, `hashtag`, `checkin`, `checkout`, `cancle_option`, `currency_code`, `catergory`, `ref_code`, `datetime_update`) VALUES
(1, 2464297, 4, 2, 4, 7, '2547 พหลโยธินพาร์ค เพลส #e217\nแขวงลาดยาว', 0, 0, 'ฟิวชั่น,อาหารอเมริกัน,ผับ บาร์', '1:00 AM', '3:00 AM', NULL, NULL, '["96","97","98"]', 'MZHGYFRWqz', '2015-12-27 09:23:51');

-- --------------------------------------------------------

--
-- Table structure for table `accomodation_myguest`
--

CREATE TABLE IF NOT EXISTS `accomodation_myguest` (
  `id` int(100) NOT NULL AUTO_INCREMENT,
  `transactionId` varchar(100) COLLATE utf8_unicode_ci NOT NULL,
  `user_id` varchar(100) COLLATE utf8_unicode_ci NOT NULL,
  `property_code` varchar(100) COLLATE utf8_unicode_ci NOT NULL,
  `room_code` varchar(100) COLLATE utf8_unicode_ci NOT NULL,
  `room_number` int(10) DEFAULT NULL,
  `num_of_room` int(100) NOT NULL,
  `start_book_date` varchar(100) COLLATE utf8_unicode_ci NOT NULL,
  `end_book_date` varchar(100) COLLATE utf8_unicode_ci NOT NULL,
  `payment_status` int(1) NOT NULL DEFAULT '0' COMMENT '0 : ยังไม่จ่ายเงิน 1: จ่ายเงินแล้ว 2: จ่ายเงินไม่สำเร็จ',
  `payment` varchar(100) COLLATE utf8_unicode_ci NOT NULL COMMENT 'credit,transfer',
  `created` varchar(100) COLLATE utf8_unicode_ci NOT NULL,
  PRIMARY KEY (`id`)
) ENGINE=InnoDB  DEFAULT CHARSET=utf8 COLLATE=utf8_unicode_ci AUTO_INCREMENT=5 ;

--
-- Dumping data for table `accomodation_myguest`
--

INSERT INTO `accomodation_myguest` (`id`, `transactionId`, `user_id`, `property_code`, `room_code`, `room_number`, `num_of_room`, `start_book_date`, `end_book_date`, `payment_status`, `payment`, `created`) VALUES
(1, '6', 'Chawanrat C', '2464297', '63548', 1403, 1, '25-12-2015', '28-12-2015', 0, '', '2015-07-19 07:01:50'),
(2, '7', 'Chawanrat C', '2464297', '63549', 1412, 2, '21-12-2015', '23-12-2015', 1, '1', '2015-07-19 07:01:50'),
(3, '8', 'Chawanrat C', '2464297', '63450', 1420, 2, '15-12-2015', '18-12-2015', 1, '1', '2015-07-19 07:01:50'),
(4, '9', 'Chawanrat P', '2464297', '63548', 1405, 2, '25-12-2015', '27-12-2015', 0, '', '2015-07-19 07:01:50');

-- --------------------------------------------------------

--
-- Table structure for table `accomodation_price`
--

CREATE TABLE IF NOT EXISTS `accomodation_price` (
  `id` int(100) NOT NULL AUTO_INCREMENT,
  `property_code` varchar(200) COLLATE utf8_unicode_ci NOT NULL,
  `room_code` varchar(200) COLLATE utf8_unicode_ci NOT NULL,
  `on_date` varchar(200) COLLATE utf8_unicode_ci NOT NULL,
  `price` varchar(200) COLLATE utf8_unicode_ci DEFAULT NULL,
  `room_off` int(1) DEFAULT NULL,
  `special_type` varchar(100) COLLATE utf8_unicode_ci DEFAULT NULL COMMENT '1 = promotion top deal ,2 = last minute , 3 = special rate not refund',
  `flag` int(1) DEFAULT NULL,
  `created` varchar(200) COLLATE utf8_unicode_ci NOT NULL,
  PRIMARY KEY (`id`)
) ENGINE=InnoDB  DEFAULT CHARSET=utf8 COLLATE=utf8_unicode_ci AUTO_INCREMENT=435 ;

--
-- Dumping data for table `accomodation_price`
--

INSERT INTO `accomodation_price` (`id`, `property_code`, `room_code`, `on_date`, `price`, `room_off`, `special_type`, `flag`, `created`) VALUES
(1, '2464297', '63548', '1-12-2015', '450', 0, '', 0, ''),
(2, '2464297', '63548', '2-12-2015', '450', 0, '', 0, ''),
(3, '2464297', '63548', '3-12-2015', '450', 0, '', 0, ''),
(4, '2464297', '63548', '4-12-2015', '450', 0, '', 0, ''),
(5, '2464297', '63548', '5-12-2015', '450', 0, '', 0, ''),
(6, '2464297', '63548', '6-12-2015', '450', 0, '', 0, ''),
(7, '2464297', '63548', '7-12-2015', '450', 0, '', 0, ''),
(8, '2464297', '63548', '8-12-2015', '450', 0, '', 0, ''),
(9, '2464297', '63548', '9-12-2015', '450', 0, '', 0, ''),
(10, '2464297', '63548', '10-12-2015', '450', 0, '', 0, ''),
(11, '2464297', '63548', '11-12-2015', '450', 0, '', 0, ''),
(12, '2464297', '63548', '12-12-2015', '450', 0, '', 0, ''),
(13, '2464297', '63548', '13-12-2015', '450', 0, '', 0, ''),
(14, '2464297', '63548', '14-12-2015', '450', 0, '', 0, ''),
(15, '2464297', '63548', '15-12-2015', '450', 0, '', 0, ''),
(16, '2464297', '63548', '16-12-2015', '450', 0, '', 0, ''),
(17, '2464297', '63548', '17-12-2015', '450', 0, '', 0, ''),
(18, '2464297', '63548', '18-12-2015', '450', 0, '', 0, ''),
(19, '2464297', '63548', '19-12-2015', '450', 0, '', 0, ''),
(20, '2464297', '63548', '20-12-2015', '450', 0, '', 0, ''),
(21, '2464297', '63548', '21-12-2015', '450', 0, '', 0, '2015-12-13 10:09:22'),
(22, '2464297', '63548', '22-12-2015', '450', 0, '', 0, ''),
(23, '2464297', '63548', '23-12-2015', '450', 2, '1', 0, '2015-12-13 14:05:16'),
(24, '2464297', '63548', '24-12-2015', '450', 2, '', 0, '2015-12-13 14:05:02'),
(25, '2464297', '63548', '25-12-2015', '450', 0, '1', 0, '2015-12-10 18:50:13'),
(26, '2464297', '63548', '26-12-2015', '450', 0, '2', 0, '2015-12-10 18:50:21'),
(27, '2464297', '63548', '27-12-2015', '450', 0, '', 0, ''),
(28, '2464297', '63548', '28-12-2015', '450', 0, '', 0, ''),
(29, '2464297', '63548', '29-12-2015', '450', 3, '', 0, '2015-12-10 18:50:05'),
(31, '2464297', '63548', '31-12-2015', '450', 3, '', 0, '2015-12-10 18:49:40'),
(32, '2464297', '63548', '1-12-2015', '450', 0, '', 0, ''),
(33, '2464297', '63548', '2-12-2015', '450', 0, '', 0, ''),
(34, '2464297', '63548', '3-12-2015', '450', 0, '', 0, ''),
(35, '2464297', '63548', '4-12-2015', '450', 0, '', 0, ''),
(36, '2464297', '63548', '5-12-2015', '450', 0, '', 0, ''),
(37, '2464297', '63548', '6-12-2015', '450', 0, '', 0, ''),
(38, '2464297', '63548', '7-12-2015', '450', 0, '', 0, ''),
(39, '2464297', '63548', '8-12-2015', '450', 0, '', 0, ''),
(40, '2464297', '63548', '9-12-2015', '450', 0, '', 0, ''),
(41, '2464297', '63548', '10-12-2015', '450', 0, '', 0, ''),
(42, '2464297', '63548', '11-12-2015', '450', 0, '', 0, ''),
(43, '2464297', '63548', '12-12-2015', '450', 0, '', 0, ''),
(44, '2464297', '63548', '13-12-2015', '450', 0, '', 0, ''),
(45, '2464297', '63548', '14-12-2015', '450', 0, '', 0, ''),
(46, '2464297', '63548', '15-12-2015', '450', 0, '', 0, ''),
(47, '2464297', '63548', '16-12-2015', '450', 0, '', 0, ''),
(48, '2464297', '63548', '17-12-2015', '450', 0, '', 0, ''),
(49, '2464297', '63548', '18-12-2015', '450', 0, '', 0, ''),
(50, '2464297', '63548', '19-12-2015', '450', 0, '', 0, ''),
(51, '2464297', '63548', '20-12-2015', '450', 0, '', 0, ''),
(52, '2464297', '63548', '21-12-2015', '450', 0, '', 0, '2015-12-13 10:09:22'),
(53, '2464297', '63548', '22-12-2015', '450', 0, '', 0, ''),
(54, '2464297', '63548', '23-12-2015', '450', 2, '1', 0, '2015-12-13 14:05:16'),
(56, '2464297', '63548', '25-12-2015', '450', 0, '', 0, ''),
(57, '2464297', '63548', '26-12-2015', '450', 0, '', 0, ''),
(58, '2464297', '63548', '27-12-2015', '450', 0, '', 0, ''),
(59, '2464297', '63548', '28-12-2015', '450', 0, '', 0, ''),
(60, '2464297', '63548', '29-12-2015', '450', 0, '', 0, ''),
(62, '2464297', '63548', '31-12-2015', '450', 0, '', 0, ''),
(63, '2464297', '63548', '1-12-2015', '450', 0, '', 0, ''),
(64, '2464297', '63548', '2-12-2015', '450', 0, '', 0, ''),
(65, '2464297', '63548', '3-12-2015', '450', 0, '', 0, ''),
(66, '2464297', '63548', '4-12-2015', '450', 0, '', 0, ''),
(67, '2464297', '63548', '5-12-2015', '450', 0, '', 0, ''),
(68, '2464297', '63548', '6-12-2015', '450', 0, '', 0, ''),
(69, '2464297', '63548', '7-12-2015', '450', 0, '', 0, ''),
(70, '2464297', '63548', '8-12-2015', '450', 0, '', 0, ''),
(71, '2464297', '63548', '9-12-2015', '450', 0, '', 0, ''),
(72, '2464297', '63548', '10-12-2015', '450', 0, '', 0, ''),
(73, '2464297', '63548', '11-12-2015', '450', 0, '', 0, ''),
(74, '2464297', '63548', '12-12-2015', '450', 0, '', 0, ''),
(75, '2464297', '63548', '13-12-2015', '450', 0, '', 0, ''),
(76, '2464297', '63548', '14-12-2015', '450', 0, '', 0, ''),
(77, '2464297', '63548', '15-12-2015', '450', 0, '', 0, ''),
(78, '2464297', '63548', '16-12-2015', '450', 0, '', 0, ''),
(79, '2464297', '63548', '17-12-2015', '450', 0, '', 0, ''),
(80, '2464297', '63548', '18-12-2015', '450', 0, '', 0, ''),
(81, '2464297', '63548', '19-12-2015', '450', 0, '', 0, ''),
(82, '2464297', '63548', '20-12-2015', '450', 0, '', 0, ''),
(83, '2464297', '63548', '21-12-2015', '450', 0, '', 0, '2015-12-13 10:09:22'),
(84, '2464297', '63548', '22-12-2015', '450', 0, '', 0, ''),
(85, '2464297', '63548', '23-12-2015', '450', 2, '1', 0, '2015-12-13 14:05:16'),
(87, '2464297', '63548', '25-12-2015', '450', 0, '', 0, ''),
(88, '2464297', '63548', '26-12-2015', '450', 0, '', 0, ''),
(89, '2464297', '63548', '27-12-2015', '450', 0, '', 0, ''),
(90, '2464297', '63548', '28-12-2015', '450', 0, '', 0, ''),
(91, '2464297', '63548', '29-12-2015', '450', 0, '', 0, ''),
(93, '2464297', '63548', '31-12-2015', '450', 0, '', 0, ''),
(94, '2464297', '63548', '1-12-2015', '450', 0, '', 0, ''),
(95, '2464297', '63548', '2-12-2015', '450', 0, '', 0, ''),
(96, '2464297', '63548', '3-12-2015', '450', 0, '', 0, ''),
(97, '2464297', '63548', '4-12-2015', '450', 0, '', 0, ''),
(98, '2464297', '63548', '5-12-2015', '450', 0, '', 0, ''),
(99, '2464297', '63548', '6-12-2015', '450', 0, '', 0, ''),
(100, '2464297', '63548', '7-12-2015', '450', 0, '', 0, ''),
(101, '2464297', '63548', '8-12-2015', '450', 0, '', 0, ''),
(102, '2464297', '63548', '9-12-2015', '450', 0, '', 0, ''),
(103, '2464297', '63548', '10-12-2015', '450', 0, '', 0, ''),
(104, '2464297', '63548', '11-12-2015', '450', 0, '', 0, ''),
(105, '2464297', '63548', '12-12-2015', '450', 0, '', 0, ''),
(106, '2464297', '63548', '13-12-2015', '450', 0, '', 0, ''),
(107, '2464297', '63548', '14-12-2015', '450', 0, '', 0, ''),
(108, '2464297', '63548', '15-12-2015', '450', 0, '', 0, ''),
(109, '2464297', '63548', '16-12-2015', '450', 0, '', 0, ''),
(110, '2464297', '63548', '17-12-2015', '450', 0, '', 0, ''),
(111, '2464297', '63548', '18-12-2015', '450', 0, '', 0, ''),
(112, '2464297', '63548', '19-12-2015', '450', 0, '', 0, ''),
(113, '2464297', '63548', '20-12-2015', '450', 0, '', 0, ''),
(114, '2464297', '63548', '21-12-2015', '450', 0, '', 0, '2015-12-13 10:09:22'),
(115, '2464297', '63548', '22-12-2015', '450', 0, '', 0, ''),
(116, '2464297', '63548', '23-12-2015', '450', 2, '1', 0, '2015-12-13 14:05:16'),
(118, '2464297', '63548', '25-12-2015', '450', 0, '', 0, ''),
(119, '2464297', '63548', '26-12-2015', '450', 0, '', 0, ''),
(120, '2464297', '63548', '27-12-2015', '450', 0, '', 0, ''),
(121, '2464297', '63548', '28-12-2015', '450', 0, '', 0, ''),
(122, '2464297', '63548', '29-12-2015', '450', 0, '', 0, ''),
(124, '2464297', '63548', '31-12-2015', '450', 0, '', 0, ''),
(125, '2464297', '63548', '1-12-2015', '450', 0, '', 0, ''),
(126, '2464297', '63548', '2-12-2015', '450', 0, '', 0, ''),
(127, '2464297', '63548', '3-12-2015', '450', 0, '', 0, ''),
(128, '2464297', '63548', '4-12-2015', '450', 0, '', 0, ''),
(129, '2464297', '63548', '5-12-2015', '450', 0, '', 0, ''),
(130, '2464297', '63548', '6-12-2015', '450', 0, '', 0, ''),
(131, '2464297', '63548', '7-12-2015', '450', 0, '', 0, ''),
(132, '2464297', '63548', '8-12-2015', '450', 0, '', 0, ''),
(133, '2464297', '63548', '9-12-2015', '450', 0, '', 0, ''),
(134, '2464297', '63548', '10-12-2015', '450', 0, '', 0, ''),
(135, '2464297', '63548', '11-12-2015', '450', 0, '', 0, ''),
(136, '2464297', '63548', '12-12-2015', '450', 0, '', 0, ''),
(137, '2464297', '63548', '13-12-2015', '450', 0, '', 0, ''),
(138, '2464297', '63548', '14-12-2015', '450', 0, '', 0, ''),
(139, '2464297', '63548', '15-12-2015', '450', 0, '', 0, ''),
(140, '2464297', '63548', '16-12-2015', '450', 0, '', 0, ''),
(141, '2464297', '63548', '17-12-2015', '450', 0, '', 0, ''),
(142, '2464297', '63548', '18-12-2015', '450', 0, '', 0, ''),
(143, '2464297', '63548', '19-12-2015', '450', 0, '', 0, ''),
(144, '2464297', '63548', '20-12-2015', '450', 0, '', 0, ''),
(145, '2464297', '63548', '21-12-2015', '450', 0, '', 0, '2015-12-13 10:09:22'),
(146, '2464297', '63548', '22-12-2015', '450', 0, '', 0, ''),
(147, '2464297', '63548', '23-12-2015', '450', 2, '1', 0, '2015-12-13 14:05:16'),
(149, '2464297', '63548', '25-12-2015', '450', 0, '', 0, ''),
(150, '2464297', '63548', '26-12-2015', '450', 0, '', 0, ''),
(151, '2464297', '63548', '27-12-2015', '450', 0, '', 0, ''),
(152, '2464297', '63548', '28-12-2015', '450', 0, '', 0, ''),
(153, '2464297', '63548', '29-12-2015', '450', 0, '', 0, ''),
(155, '2464297', '63548', '31-12-2015', '450', 0, '', 0, ''),
(156, '2464297', '63548', '1-12-2015', '450', 0, '', 0, ''),
(157, '2464297', '63548', '2-12-2015', '450', 0, '', 0, ''),
(158, '2464297', '63548', '3-12-2015', '450', 0, '', 0, ''),
(159, '2464297', '63548', '4-12-2015', '450', 0, '', 0, ''),
(160, '2464297', '63548', '5-12-2015', '450', 0, '', 0, ''),
(161, '2464297', '63548', '6-12-2015', '450', 0, '', 0, ''),
(162, '2464297', '63548', '7-12-2015', '450', 0, '', 0, ''),
(163, '2464297', '63548', '8-12-2015', '450', 0, '', 0, ''),
(164, '2464297', '63548', '9-12-2015', '450', 0, '', 0, ''),
(165, '2464297', '63548', '10-12-2015', '450', 0, '', 0, ''),
(166, '2464297', '63548', '11-12-2015', '450', 0, '', 0, ''),
(167, '2464297', '63548', '12-12-2015', '450', 0, '', 0, ''),
(168, '2464297', '63548', '13-12-2015', '450', 0, '', 0, ''),
(169, '2464297', '63548', '14-12-2015', '450', 0, '', 0, ''),
(170, '2464297', '63548', '15-12-2015', '450', 0, '', 0, ''),
(171, '2464297', '63548', '16-12-2015', '450', 0, '', 0, ''),
(172, '2464297', '63548', '17-12-2015', '450', 0, '', 0, ''),
(173, '2464297', '63548', '18-12-2015', '450', 0, '', 0, ''),
(174, '2464297', '63548', '19-12-2015', '450', 0, '', 0, ''),
(175, '2464297', '63548', '20-12-2015', '450', 0, '', 0, ''),
(176, '2464297', '63548', '21-12-2015', '450', 0, '', 0, '2015-12-13 10:09:22'),
(177, '2464297', '63548', '22-12-2015', '450', 0, '', 0, ''),
(178, '2464297', '63548', '23-12-2015', '450', 2, '1', 0, '2015-12-13 14:05:16'),
(180, '2464297', '63548', '25-12-2015', '450', 0, '', 0, ''),
(181, '2464297', '63548', '26-12-2015', '450', 0, '', 0, ''),
(182, '2464297', '63548', '27-12-2015', '450', 0, '', 0, ''),
(183, '2464297', '63548', '28-12-2015', '450', 0, '', 0, ''),
(184, '2464297', '63548', '29-12-2015', '450', 0, '', 0, ''),
(186, '2464297', '63548', '31-12-2015', '450', 0, '', 0, ''),
(187, '2464297', '63548', '1-12-2015', '450', 0, '', 0, ''),
(188, '2464297', '63548', '2-12-2015', '450', 0, '', 0, ''),
(189, '2464297', '63548', '3-12-2015', '450', 0, '', 0, ''),
(190, '2464297', '63548', '4-12-2015', '450', 0, '', 0, ''),
(191, '2464297', '63548', '5-12-2015', '450', 0, '', 0, ''),
(192, '2464297', '63548', '6-12-2015', '450', 0, '', 0, ''),
(193, '2464297', '63548', '7-12-2015', '450', 0, '', 0, ''),
(194, '2464297', '63548', '8-12-2015', '450', 0, '', 0, ''),
(195, '2464297', '63548', '9-12-2015', '450', 0, '', 0, ''),
(196, '2464297', '63548', '10-12-2015', '450', 0, '', 0, ''),
(197, '2464297', '63548', '11-12-2015', '450', 0, '', 0, ''),
(198, '2464297', '63548', '12-12-2015', '450', 0, '', 0, ''),
(199, '2464297', '63548', '13-12-2015', '450', 0, '', 0, ''),
(200, '2464297', '63548', '14-12-2015', '450', 0, '', 0, ''),
(201, '2464297', '63548', '15-12-2015', '450', 0, '', 0, ''),
(202, '2464297', '63548', '16-12-2015', '450', 0, '', 0, ''),
(203, '2464297', '63548', '17-12-2015', '450', 0, '', 0, ''),
(204, '2464297', '63548', '18-12-2015', '450', 0, '', 0, ''),
(205, '2464297', '63548', '19-12-2015', '450', 0, '', 0, ''),
(206, '2464297', '63548', '20-12-2015', '450', 0, '', 0, ''),
(207, '2464297', '63548', '21-12-2015', '450', 0, '', 0, '2015-12-13 10:09:22'),
(208, '2464297', '63548', '22-12-2015', '450', 0, '', 0, ''),
(209, '2464297', '63548', '23-12-2015', '450', 2, '1', 0, '2015-12-13 14:05:16'),
(211, '2464297', '63548', '25-12-2015', '450', 0, '', 0, ''),
(212, '2464297', '63548', '26-12-2015', '450', 0, '', 0, ''),
(213, '2464297', '63548', '27-12-2015', '450', 0, '', 0, ''),
(214, '2464297', '63548', '28-12-2015', '450', 0, '', 0, ''),
(215, '2464297', '63548', '29-12-2015', '450', 0, '', 0, ''),
(217, '2464297', '63548', '31-12-2015', '450', 0, '', 0, ''),
(218, '2464297', '63548', '1-12-2015', '450', 0, '', 0, ''),
(219, '2464297', '63548', '2-12-2015', '450', 0, '', 0, ''),
(220, '2464297', '63548', '3-12-2015', '450', 0, '', 0, ''),
(221, '2464297', '63548', '4-12-2015', '450', 0, '', 0, ''),
(222, '2464297', '63548', '5-12-2015', '450', 0, '', 0, ''),
(223, '2464297', '63548', '6-12-2015', '450', 0, '', 0, ''),
(224, '2464297', '63548', '7-12-2015', '450', 0, '', 0, ''),
(225, '2464297', '63548', '8-12-2015', '450', 0, '', 0, ''),
(226, '2464297', '63548', '9-12-2015', '450', 0, '', 0, ''),
(227, '2464297', '63548', '10-12-2015', '450', 0, '', 0, ''),
(228, '2464297', '63548', '11-12-2015', '450', 0, '', 0, ''),
(229, '2464297', '63548', '12-12-2015', '450', 0, '', 0, ''),
(230, '2464297', '63548', '13-12-2015', '450', 0, '', 0, ''),
(231, '2464297', '63548', '14-12-2015', '450', 0, '', 0, ''),
(232, '2464297', '63548', '15-12-2015', '450', 0, '', 0, ''),
(233, '2464297', '63548', '16-12-2015', '450', 0, '', 0, ''),
(234, '2464297', '63548', '17-12-2015', '450', 0, '', 0, ''),
(235, '2464297', '63548', '18-12-2015', '450', 0, '', 0, ''),
(236, '2464297', '63548', '19-12-2015', '450', 0, '', 0, ''),
(237, '2464297', '63548', '20-12-2015', '450', 0, '', 0, ''),
(238, '2464297', '63548', '21-12-2015', '450', 0, '', 0, '2015-12-13 10:09:22'),
(239, '2464297', '63548', '22-12-2015', '450', 0, '', 0, ''),
(240, '2464297', '63548', '23-12-2015', '450', 2, '1', 0, '2015-12-13 14:05:16'),
(242, '2464297', '63548', '25-12-2015', '450', 0, '', 0, ''),
(243, '2464297', '63548', '26-12-2015', '450', 0, '', 0, ''),
(244, '2464297', '63548', '27-12-2015', '450', 0, '', 0, ''),
(245, '2464297', '63548', '28-12-2015', '450', 0, '', 0, ''),
(246, '2464297', '63548', '29-12-2015', '450', 0, '', 0, ''),
(248, '2464297', '63548', '31-12-2015', '450', 0, '', 0, ''),
(249, '2464297', '63548', '1-12-2015', '450', 0, '', 0, ''),
(250, '2464297', '63548', '2-12-2015', '450', 0, '', 0, ''),
(251, '2464297', '63548', '3-12-2015', '450', 0, '', 0, ''),
(252, '2464297', '63548', '4-12-2015', '450', 0, '', 0, ''),
(253, '2464297', '63548', '5-12-2015', '450', 0, '', 0, ''),
(254, '2464297', '63548', '6-12-2015', '450', 0, '', 0, ''),
(255, '2464297', '63548', '7-12-2015', '450', 0, '', 0, ''),
(256, '2464297', '63548', '8-12-2015', '450', 0, '', 0, ''),
(257, '2464297', '63548', '9-12-2015', '450', 0, '', 0, ''),
(258, '2464297', '63548', '10-12-2015', '450', 0, '', 0, ''),
(259, '2464297', '63548', '11-12-2015', '450', 0, '', 0, ''),
(260, '2464297', '63548', '12-12-2015', '450', 0, '', 0, ''),
(261, '2464297', '63548', '13-12-2015', '450', 0, '', 0, ''),
(262, '2464297', '63548', '14-12-2015', '450', 0, '', 0, ''),
(263, '2464297', '63548', '15-12-2015', '450', 0, '', 0, ''),
(264, '2464297', '63548', '16-12-2015', '450', 0, '', 0, ''),
(265, '2464297', '63548', '17-12-2015', '450', 0, '', 0, ''),
(266, '2464297', '63548', '18-12-2015', '450', 0, '', 0, ''),
(267, '2464297', '63548', '19-12-2015', '450', 0, '', 0, ''),
(268, '2464297', '63548', '20-12-2015', '450', 0, '', 0, ''),
(269, '2464297', '63548', '21-12-2015', '450', 0, '', 0, '2015-12-13 10:09:22'),
(270, '2464297', '63548', '22-12-2015', '450', 0, '', 0, ''),
(271, '2464297', '63548', '23-12-2015', '450', 2, '1', 0, '2015-12-13 14:05:16'),
(273, '2464297', '63548', '25-12-2015', '450', 0, '', 0, ''),
(274, '2464297', '63548', '26-12-2015', '450', 0, '', 0, ''),
(275, '2464297', '63548', '27-12-2015', '450', 0, '', 0, ''),
(276, '2464297', '63548', '28-12-2015', '450', 0, '', 0, ''),
(277, '2464297', '63548', '29-12-2015', '450', 0, '', 0, ''),
(278, '2464297', '63548', '30-12-2015', '450', 0, '', 0, '2015-12-13 14:05:27'),
(279, '2464297', '63548', '31-12-2015', '450', 0, '', 0, ''),
(280, '2464297', '63548', '1-12-2015', '450', 0, '', 0, ''),
(281, '2464297', '63548', '2-12-2015', '450', 0, '', 0, ''),
(282, '2464297', '63548', '3-12-2015', '450', 0, '', 0, ''),
(283, '2464297', '63548', '4-12-2015', '450', 0, '', 0, ''),
(284, '2464297', '63548', '5-12-2015', '450', 0, '', 0, ''),
(285, '2464297', '63548', '6-12-2015', '450', 0, '', 0, ''),
(286, '2464297', '63548', '7-12-2015', '450', 0, '', 0, ''),
(287, '2464297', '63548', '8-12-2015', '450', 0, '', 0, ''),
(288, '2464297', '63548', '9-12-2015', '450', 0, '', 0, ''),
(289, '2464297', '63548', '10-12-2015', '450', 0, '', 0, ''),
(290, '2464297', '63548', '11-12-2015', '450', 0, '', 0, ''),
(291, '2464297', '63548', '12-12-2015', '450', 0, '', 0, ''),
(292, '2464297', '63548', '13-12-2015', '450', 0, '', 0, ''),
(293, '2464297', '63548', '14-12-2015', '450', 0, '', 0, ''),
(294, '2464297', '63548', '15-12-2015', '450', 0, '', 0, ''),
(295, '2464297', '63548', '16-12-2015', '450', 0, '', 0, ''),
(296, '2464297', '63548', '17-12-2015', '450', 0, '', 0, ''),
(297, '2464297', '63548', '18-12-2015', '450', 0, '', 0, ''),
(298, '2464297', '63548', '19-12-2015', '450', 0, '', 0, ''),
(299, '2464297', '63548', '20-12-2015', '450', 0, '', 0, ''),
(300, '2464297', '63548', '21-12-2015', '450', 0, '', 0, '2015-12-13 10:09:22'),
(301, '2464297', '63548', '22-12-2015', '450', 0, '', 0, ''),
(302, '2464297', '63548', '23-12-2015', '450', 2, '1', 0, '2015-12-13 14:05:16'),
(304, '2464297', '63548', '25-12-2015', '450', 0, '', 0, ''),
(305, '2464297', '63548', '26-12-2015', '450', 0, '', 0, ''),
(306, '2464297', '63548', '27-12-2015', '450', 0, '', 0, ''),
(307, '2464297', '63548', '28-12-2015', '450', 0, '', 0, ''),
(308, '2464297', '63548', '29-12-2015', '450', 0, '', 0, ''),
(310, '2464297', '63548', '31-12-2015', '450', 0, '', 0, ''),
(311, '2464297', '63548', '1-12-2015', '450', 0, '', 0, ''),
(312, '2464297', '63548', '2-12-2015', '450', 0, '', 0, ''),
(313, '2464297', '63548', '3-12-2015', '450', 0, '', 0, ''),
(314, '2464297', '63548', '4-12-2015', '450', 0, '', 0, ''),
(315, '2464297', '63548', '5-12-2015', '450', 0, '', 0, ''),
(316, '2464297', '63548', '6-12-2015', '450', 0, '', 0, ''),
(317, '2464297', '63548', '7-12-2015', '450', 0, '', 0, ''),
(318, '2464297', '63548', '8-12-2015', '450', 0, '', 0, ''),
(319, '2464297', '63548', '9-12-2015', '450', 0, '', 0, ''),
(320, '2464297', '63548', '10-12-2015', '450', 0, '', 0, ''),
(321, '2464297', '63548', '11-12-2015', '450', 0, '', 0, ''),
(322, '2464297', '63548', '12-12-2015', '450', 0, '', 0, ''),
(323, '2464297', '63548', '13-12-2015', '450', 0, '', 0, ''),
(324, '2464297', '63548', '14-12-2015', '450', 0, '', 0, ''),
(325, '2464297', '63548', '15-12-2015', '450', 0, '', 0, ''),
(326, '2464297', '63548', '16-12-2015', '450', 0, '', 0, ''),
(327, '2464297', '63548', '17-12-2015', '450', 0, '', 0, ''),
(328, '2464297', '63548', '18-12-2015', '450', 0, '', 0, ''),
(329, '2464297', '63548', '19-12-2015', '450', 0, '', 0, ''),
(330, '2464297', '63548', '20-12-2015', '450', 0, '', 0, ''),
(331, '2464297', '63548', '21-12-2015', '450', 0, '', 0, '2015-12-13 10:09:22'),
(332, '2464297', '63548', '22-12-2015', '450', 0, '', 0, ''),
(333, '2464297', '63548', '23-12-2015', '450', 2, '1', 0, '2015-12-13 14:05:16'),
(335, '2464297', '63548', '25-12-2015', '450', 0, '', 0, ''),
(336, '2464297', '63548', '26-12-2015', '450', 0, '', 0, ''),
(337, '2464297', '63548', '27-12-2015', '450', 0, '', 0, ''),
(338, '2464297', '63548', '28-12-2015', '450', 0, '', 0, ''),
(339, '2464297', '63548', '29-12-2015', '450', 0, '', 0, ''),
(341, '2464297', '63548', '31-12-2015', '450', 0, '', 0, ''),
(342, '2464297', '63548', '1-12-2015', '450', 0, '', 0, ''),
(343, '2464297', '63548', '2-12-2015', '450', 0, '', 0, ''),
(344, '2464297', '63548', '3-12-2015', '450', 0, '', 0, ''),
(345, '2464297', '63548', '4-12-2015', '450', 0, '', 0, ''),
(346, '2464297', '63548', '5-12-2015', '450', 0, '', 0, ''),
(347, '2464297', '63548', '6-12-2015', '450', 0, '', 0, ''),
(348, '2464297', '63548', '7-12-2015', '450', 0, '', 0, ''),
(349, '2464297', '63548', '8-12-2015', '450', 0, '', 0, ''),
(350, '2464297', '63548', '9-12-2015', '450', 0, '', 0, ''),
(351, '2464297', '63548', '10-12-2015', '450', 0, '', 0, ''),
(352, '2464297', '63548', '11-12-2015', '450', 0, '', 0, ''),
(353, '2464297', '63548', '12-12-2015', '450', 0, '', 0, ''),
(354, '2464297', '63548', '13-12-2015', '450', 0, '', 0, ''),
(355, '2464297', '63548', '14-12-2015', '450', 0, '', 0, ''),
(356, '2464297', '63548', '15-12-2015', '450', 0, '', 0, ''),
(357, '2464297', '63548', '16-12-2015', '450', 0, '', 0, ''),
(358, '2464297', '63548', '17-12-2015', '450', 0, '', 0, ''),
(359, '2464297', '63548', '18-12-2015', '450', 0, '', 0, ''),
(360, '2464297', '63548', '19-12-2015', '450', 0, '', 0, ''),
(361, '2464297', '63548', '20-12-2015', '450', 0, '', 0, ''),
(362, '2464297', '63548', '21-12-2015', '450', 0, '', 0, '2015-12-13 10:09:22'),
(363, '2464297', '63548', '22-12-2015', '450', 0, '', 0, ''),
(364, '2464297', '63548', '23-12-2015', '450', 2, '1', 0, '2015-12-13 14:05:16'),
(366, '2464297', '63548', '25-12-2015', '450', 0, '', 0, ''),
(367, '2464297', '63548', '26-12-2015', '450', 0, '', 0, ''),
(368, '2464297', '63548', '27-12-2015', '450', 0, '', 0, ''),
(369, '2464297', '63548', '28-12-2015', '450', 0, '', 0, ''),
(370, '2464297', '63548', '29-12-2015', '450', 0, '', 0, ''),
(372, '2464297', '63548', '31-12-2015', '450', 0, '', 0, ''),
(373, '2464297', '63548', '1-12-2015', '450', 0, '', 0, ''),
(374, '2464297', '63548', '2-12-2015', '450', 0, '', 0, ''),
(375, '2464297', '63548', '3-12-2015', '450', 0, '', 0, ''),
(376, '2464297', '63548', '4-12-2015', '450', 0, '', 0, ''),
(377, '2464297', '63548', '5-12-2015', '450', 0, '', 0, ''),
(378, '2464297', '63548', '6-12-2015', '450', 0, '', 0, ''),
(379, '2464297', '63548', '7-12-2015', '450', 0, '', 0, ''),
(380, '2464297', '63548', '8-12-2015', '450', 0, '', 0, ''),
(381, '2464297', '63548', '9-12-2015', '450', 0, '', 0, ''),
(382, '2464297', '63548', '10-12-2015', '450', 0, '', 0, ''),
(383, '2464297', '63548', '11-12-2015', '450', 0, '', 0, ''),
(384, '2464297', '63548', '12-12-2015', '450', 0, '', 0, ''),
(385, '2464297', '63548', '13-12-2015', '450', 0, '', 0, ''),
(386, '2464297', '63548', '14-12-2015', '450', 0, '', 0, ''),
(387, '2464297', '63548', '15-12-2015', '450', 0, '', 0, ''),
(388, '2464297', '63548', '16-12-2015', '450', 0, '', 0, ''),
(389, '2464297', '63548', '17-12-2015', '450', 0, '', 0, ''),
(390, '2464297', '63548', '18-12-2015', '450', 0, '', 0, ''),
(391, '2464297', '63548', '19-12-2015', '450', 0, '', 0, ''),
(392, '2464297', '63548', '20-12-2015', '450', 0, '', 0, ''),
(393, '2464297', '63548', '21-12-2015', '450', 0, '', 0, ''),
(394, '2464297', '63548', '22-12-2015', '450', 0, '', 0, ''),
(395, '2464297', '63548', '23-12-2015', '450', 2, '1', 0, '2015-12-13 14:05:16'),
(396, '2464297', '63548', '24-12-2015', '450', 2, '', 0, '2015-12-13 14:05:02'),
(397, '2464297', '63548', '25-12-2015', '450', 0, '', 0, ''),
(398, '2464297', '63548', '26-12-2015', '450', 0, '', 0, ''),
(399, '2464297', '63548', '27-12-2015', '450', 0, '', 0, ''),
(400, '2464297', '63548', '28-12-2015', '450', 0, '', 0, ''),
(401, '2464297', '63548', '29-12-2015', '450', 0, '', 0, ''),
(403, '2464297', '63548', '31-12-2015', '450', 0, '', 0, ''),
(404, '2464297', '83458', '1-12-2015', '999', 0, '', 0, ''),
(405, '2464297', '83458', '2-12-2015', '999', 0, '', 0, ''),
(406, '2464297', '83458', '3-12-2015', '999', 0, '', 0, ''),
(407, '2464297', '83458', '4-12-2015', '999', 0, '', 0, ''),
(408, '2464297', '83458', '5-12-2015', '999', 0, '', 0, ''),
(409, '2464297', '83458', '6-12-2015', '999', 0, '', 0, ''),
(410, '2464297', '83458', '7-12-2015', '999', 0, '', 0, ''),
(411, '2464297', '83458', '8-12-2015', '999', 0, '', 0, ''),
(412, '2464297', '83458', '9-12-2015', '999', 0, '', 0, ''),
(413, '2464297', '83458', '10-12-2015', '999', 0, '', 0, ''),
(414, '2464297', '83458', '11-12-2015', '999', 0, '', 0, ''),
(415, '2464297', '83458', '12-12-2015', '999', 0, '', 0, ''),
(416, '2464297', '83458', '13-12-2015', '999', 0, '', 0, ''),
(417, '2464297', '83458', '14-12-2015', '999', 0, '', 0, ''),
(418, '2464297', '83458', '15-12-2015', '999', 0, '', 0, ''),
(419, '2464297', '83458', '16-12-2015', '999', 0, '', 0, ''),
(420, '2464297', '83458', '17-12-2015', '999', 0, '', 0, ''),
(421, '2464297', '83458', '18-12-2015', '999', 0, '', 0, ''),
(422, '2464297', '83458', '19-12-2015', '999', 0, '', 0, ''),
(423, '2464297', '83458', '20-12-2015', '999', 0, '', 0, ''),
(424, '2464297', '83458', '21-12-2015', '999', 0, '', 0, ''),
(425, '2464297', '83458', '22-12-2015', '999', 0, '', 0, ''),
(426, '2464297', '83458', '23-12-2015', '999', 0, '', 0, ''),
(427, '2464297', '83458', '24-12-2015', '999', 0, '', 0, ''),
(428, '2464297', '83458', '25-12-2015', '999', 0, '', 0, ''),
(429, '2464297', '83458', '26-12-2015', '999', 0, '', 0, ''),
(430, '2464297', '83458', '27-12-2015', '999', 0, '', 0, ''),
(431, '2464297', '83458', '28-12-2015', '999', 0, '', 0, ''),
(432, '2464297', '83458', '29-12-2015', '999', 0, '', 0, ''),
(433, '2464297', '83458', '30-12-2015', '999', 0, '', 0, ''),
(434, '2464297', '83458', '31-12-2015', '999', 0, '', 0, '');

-- --------------------------------------------------------

--
-- Table structure for table `accomodation_property`
--

CREATE TABLE IF NOT EXISTS `accomodation_property` (
  `acc_id` int(11) NOT NULL AUTO_INCREMENT,
  `property_code` int(10) NOT NULL,
  `room_code` int(20) NOT NULL,
  `amenities_info_id` int(11) DEFAULT NULL,
  `datetime_update` varchar(100) NOT NULL,
  PRIMARY KEY (`acc_id`)
) ENGINE=InnoDB  DEFAULT CHARSET=latin1 AUTO_INCREMENT=198 ;

--
-- Dumping data for table `accomodation_property`
--

INSERT INTO `accomodation_property` (`acc_id`, `property_code`, `room_code`, `amenities_info_id`, `datetime_update`) VALUES
(182, 2464297, 63548, 14, '2015-12-13 12:48:22'),
(183, 2464297, 63548, 15, '2015-12-13 12:48:23'),
(184, 2464297, 63548, 16, '2015-12-13 12:48:23'),
(185, 2464297, 63548, 17, '2015-12-13 12:48:23'),
(186, 2464297, 63548, 18, '2015-12-13 12:48:23'),
(187, 2464297, 63548, 19, '2015-12-13 12:48:23'),
(188, 2464297, 63548, 20, '2015-12-13 12:48:23'),
(189, 2464297, 83458, 1, '2015-12-27 10:17:44'),
(190, 2464297, 83458, 2, '2015-12-27 10:17:44'),
(191, 2464297, 83458, 3, '2015-12-27 10:17:44'),
(192, 2464297, 83458, 13, '2015-12-27 10:17:44'),
(193, 2464297, 83458, 14, '2015-12-27 10:17:44'),
(194, 2464297, 83458, 15, '2015-12-27 10:17:44'),
(195, 2464297, 83458, 22, '2015-12-27 10:17:44'),
(196, 2464297, 83458, 23, '2015-12-27 10:17:44'),
(197, 2464297, 83458, 24, '2015-12-27 10:17:44');

-- --------------------------------------------------------

--
-- Table structure for table `amenities`
--

CREATE TABLE IF NOT EXISTS `amenities` (
  `amenities_id` int(10) NOT NULL AUTO_INCREMENT,
  `amenities_name` varchar(200) NOT NULL,
  PRIMARY KEY (`amenities_id`)
) ENGINE=InnoDB  DEFAULT CHARSET=utf8 AUTO_INCREMENT=4 ;

--
-- Dumping data for table `amenities`
--

INSERT INTO `amenities` (`amenities_id`, `amenities_name`) VALUES
(1, 'Room Amenities'),
(2, 'Property Amentities'),
(3, 'Features');

-- --------------------------------------------------------

--
-- Table structure for table `amenities_info`
--

CREATE TABLE IF NOT EXISTS `amenities_info` (
  `amenities_info_id` int(11) NOT NULL,
  `amenities_info_name` varchar(200) DEFAULT NULL,
  `amenities_id` int(11) DEFAULT NULL,
  PRIMARY KEY (`amenities_info_id`)
) ENGINE=InnoDB DEFAULT CHARSET=utf8;

--
-- Dumping data for table `amenities_info`
--

INSERT INTO `amenities_info` (`amenities_info_id`, `amenities_info_name`, `amenities_id`) VALUES
(1, 'Air Conditioning ', 1),
(2, 'Balcony/Terrace ', 1),
(3, 'Bathtub', 1),
(4, 'Bath Tub with Shower', 1),
(5, 'Cable / Satellite TV', 1),
(6, 'Complimentary bottle water', 1),
(7, 'Dressing table', 1),
(8, 'Fridge ', 1),
(9, 'FAN', 1),
(10, 'Heating', 1),
(11, 'Hair dryer ', 1),
(12, 'Internet ', 1),
(13, 'Jacuzzi', 1),
(14, 'Kettle ', 1),
(15, 'Kitchen', 1),
(16, 'Mini bar and coffee or tea', 1),
(17, 'Non – Smoking Room ', 1),
(18, 'Private pool / Pool Access', 1),
(19, 'Safety box', 1),
(20, 'Security Keycard', 1),
(21, 'Smoking Room ', 1),
(22, 'Shower,Rainfall ', 1),
(23, 'TV', 1),
(24, 'VCD/DVD Player', 1),
(25, 'Wardrobe ', 1),
(26, 'WIFI Free', 1),
(27, 'WIFI ( Charge)', 1),
(28, 'Wooden Floor ', 1),
(29, 'Tiled Floor', 1),
(30, 'Carpet Floor', 1),
(31, '24 hours Room Services', 2),
(32, 'Airport pick up ', 2),
(33, 'Bar/Pub/Night Club ', 2),
(34, 'Beachfront ', 2),
(35, 'Beauty Salon', 2),
(36, 'Bicycle Rental', 2),
(37, 'Business Center', 2),
(38, 'Cable / Satellite TV', 2),
(39, 'Coffee Shop', 2),
(40, 'Disable Access', 2),
(41, 'Elevator in building ', 2),
(42, 'Entertainment (Game room) ', 2),
(43, 'Fitness Room', 2),
(44, 'Indoor Swimming Pool ', 2),
(45, 'Internet Access ', 2),
(46, 'Laundry', 2),
(47, 'Luggage Storage ', 2),
(48, 'Near BTS Transportation ', 2),
(49, 'Near MRT Transportation ', 2),
(50, 'Near Airport ', 2),
(51, 'Parking Available', 2),
(52, 'Pet allowed (property condition agreement)', 2),
(53, 'Play Ground', 2),
(54, 'Room service', 2),
(55, 'Restaurant', 2),
(56, 'Swimming Pool', 2),
(57, 'Sport Club / Gym', 2),
(58, 'Spa and Message ', 2),
(59, 'WIFI (Free) ', 2),
(60, 'WIFI (Charge) ', 2);

-- --------------------------------------------------------

--
-- Table structure for table `amphur`
--

CREATE TABLE IF NOT EXISTS `amphur` (
  `AMPHUR_ID` int(5) NOT NULL AUTO_INCREMENT,
  `AMPHUR_CODE` varchar(4) COLLATE utf8_unicode_ci NOT NULL,
  `AMPHUR_NAME` varchar(150) COLLATE utf8_unicode_ci NOT NULL,
  `GEO_ID` int(5) NOT NULL DEFAULT '0',
  `PROVINCE_ID` int(5) NOT NULL DEFAULT '0',
  PRIMARY KEY (`AMPHUR_ID`)
) ENGINE=MyISAM  DEFAULT CHARSET=utf8 COLLATE=utf8_unicode_ci AUTO_INCREMENT=999 ;

--
-- Dumping data for table `amphur`
--

INSERT INTO `amphur` (`AMPHUR_ID`, `AMPHUR_CODE`, `AMPHUR_NAME`, `GEO_ID`, `PROVINCE_ID`) VALUES
(1, '1001', 'เขตพระนคร   ', 2, 1),
(2, '1002', 'เขตดุสิต   ', 2, 1),
(3, '1003', 'เขตหนองจอก   ', 2, 1),
(4, '1004', 'เขตบางรัก   ', 2, 1),
(5, '1005', 'เขตบางเขน   ', 2, 1),
(6, '1006', 'เขตบางกะปิ   ', 2, 1),
(7, '1007', 'เขตปทุมวัน   ', 2, 1),
(8, '1008', 'เขตป้อมปราบศัตรูพ่าย   ', 2, 1),
(9, '1009', 'เขตพระโขนง   ', 2, 1),
(10, '1010', 'เขตมีนบุรี   ', 2, 1),
(11, '1011', 'เขตลาดกระบัง   ', 2, 1),
(12, '1012', 'เขตยานนาวา   ', 2, 1),
(13, '1013', 'เขตสัมพันธวงศ์   ', 2, 1),
(14, '1014', 'เขตพญาไท   ', 2, 1),
(15, '1015', 'เขตธนบุรี   ', 2, 1),
(16, '1016', 'เขตบางกอกใหญ่   ', 2, 1),
(17, '1017', 'เขตห้วยขวาง   ', 2, 1),
(18, '1018', 'เขตคลองสาน   ', 2, 1),
(19, '1019', 'เขตตลิ่งชัน   ', 2, 1),
(20, '1020', 'เขตบางกอกน้อย   ', 2, 1),
(21, '1021', 'เขตบางขุนเทียน   ', 2, 1),
(22, '1022', 'เขตภาษีเจริญ   ', 2, 1),
(23, '1023', 'เขตหนองแขม   ', 2, 1),
(24, '1024', 'เขตราษฎร์บูรณะ   ', 2, 1),
(25, '1025', 'เขตบางพลัด   ', 2, 1),
(26, '1026', 'เขตดินแดง   ', 2, 1),
(27, '1027', 'เขตบึงกุ่ม   ', 2, 1),
(28, '1028', 'เขตสาทร   ', 2, 1),
(29, '1029', 'เขตบางซื่อ   ', 2, 1),
(30, '1030', 'เขตจตุจักร   ', 2, 1),
(31, '1031', 'เขตบางคอแหลม   ', 2, 1),
(32, '1032', 'เขตประเวศ   ', 2, 1),
(33, '1033', 'เขตคลองเตย   ', 2, 1),
(34, '1034', 'เขตสวนหลวง   ', 2, 1),
(35, '1035', 'เขตจอมทอง   ', 2, 1),
(36, '1036', 'เขตดอนเมือง   ', 2, 1),
(37, '1037', 'เขตราชเทวี   ', 2, 1),
(38, '1038', 'เขตลาดพร้าว   ', 2, 1),
(39, '1039', 'เขตวัฒนา   ', 2, 1),
(40, '1040', 'เขตบางแค   ', 2, 1),
(41, '1041', 'เขตหลักสี่   ', 2, 1),
(42, '1042', 'เขตสายไหม   ', 2, 1),
(43, '1043', 'เขตคันนายาว   ', 2, 1),
(44, '1044', 'เขตสะพานสูง   ', 2, 1),
(45, '1045', 'เขตวังทองหลาง   ', 2, 1),
(46, '1046', 'เขตคลองสามวา   ', 2, 1),
(47, '1047', 'เขตบางนา   ', 2, 1),
(48, '1048', 'เขตทวีวัฒนา   ', 2, 1),
(49, '1049', 'เขตทุ่งครุ   ', 2, 1),
(50, '1050', 'เขตบางบอน   ', 2, 1),
(51, '1081', '*บ้านทะวาย   ', 2, 1),
(52, '1101', 'เมืองสมุทรปราการ   ', 2, 2),
(53, '1102', 'บางบ่อ   ', 2, 2),
(54, '1103', 'บางพลี   ', 2, 2),
(55, '1104', 'พระประแดง   ', 2, 2),
(56, '1105', 'พระสมุทรเจดีย์   ', 2, 2),
(57, '1106', 'บางเสาธง   ', 2, 2),
(58, '1201', 'เมืองนนทบุรี   ', 2, 3),
(59, '1202', 'บางกรวย   ', 2, 3),
(60, '1203', 'บางใหญ่   ', 2, 3),
(61, '1204', 'บางบัวทอง   ', 2, 3),
(62, '1205', 'ไทรน้อย   ', 2, 3),
(63, '1206', 'ปากเกร็ด   ', 2, 3),
(64, '1251', 'เทศบาลนครนนทบุรี (สาขาแขวงท่าทราย)*   ', 2, 3),
(65, '1297', 'เทศบาลเมืองปากเกร็ด*   ', 2, 3),
(66, '1301', 'เมืองปทุมธานี   ', 2, 4),
(67, '1302', 'คลองหลวง   ', 2, 4),
(68, '1303', 'ธัญบุรี   ', 2, 4),
(69, '1304', 'หนองเสือ   ', 2, 4),
(70, '1305', 'ลาดหลุมแก้ว   ', 2, 4),
(71, '1306', 'ลำลูกกา   ', 2, 4),
(72, '1307', 'สามโคก   ', 2, 4),
(73, '1351', 'ลำลูกกา (สาขาตำบลคูคต)*   ', 2, 4),
(74, '1401', 'พระนครศรีอยุธยา   ', 2, 5),
(75, '1402', 'ท่าเรือ   ', 2, 5),
(76, '1403', 'นครหลวง   ', 2, 5),
(77, '1404', 'บางไทร   ', 2, 5),
(78, '1405', 'บางบาล   ', 2, 5),
(79, '1406', 'บางปะอิน   ', 2, 5),
(80, '1407', 'บางปะหัน   ', 2, 5),
(81, '1408', 'ผักไห่   ', 2, 5),
(82, '1409', 'ภาชี   ', 2, 5),
(83, '1410', 'ลาดบัวหลวง   ', 2, 5),
(84, '1411', 'วังน้อย   ', 2, 5),
(85, '1412', 'เสนา   ', 2, 5),
(86, '1413', 'บางซ้าย   ', 2, 5),
(87, '1414', 'อุทัย   ', 2, 5),
(88, '1415', 'มหาราช   ', 2, 5),
(89, '1416', 'บ้านแพรก   ', 2, 5),
(90, '1501', 'เมืองอ่างทอง   ', 2, 6),
(91, '1502', 'ไชโย   ', 2, 6),
(92, '1503', 'ป่าโมก   ', 2, 6),
(93, '1504', 'โพธิ์ทอง   ', 2, 6),
(94, '1505', 'แสวงหา   ', 2, 6),
(95, '1506', 'วิเศษชัยชาญ   ', 2, 6),
(96, '1507', 'สามโก้   ', 2, 6),
(97, '1601', 'เมืองลพบุรี   ', 2, 7),
(98, '1602', 'พัฒนานิคม   ', 2, 7),
(99, '1603', 'โคกสำโรง   ', 2, 7),
(100, '1604', 'ชัยบาดาล   ', 2, 7),
(101, '1605', 'ท่าวุ้ง   ', 2, 7),
(102, '1606', 'บ้านหมี่   ', 2, 7),
(103, '1607', 'ท่าหลวง   ', 2, 7),
(104, '1608', 'สระโบสถ์   ', 2, 7),
(105, '1609', 'โคกเจริญ   ', 2, 7),
(106, '1610', 'ลำสนธิ   ', 2, 7),
(107, '1611', 'หนองม่วง   ', 2, 7),
(108, '1681', '*อ.บ้านเช่า  จ.ลพบุรี   ', 2, 7),
(109, '1701', 'เมืองสิงห์บุรี   ', 2, 8),
(110, '1702', 'บางระจัน   ', 2, 8),
(111, '1703', 'ค่ายบางระจัน   ', 2, 8),
(112, '1704', 'พรหมบุรี   ', 2, 8),
(113, '1705', 'ท่าช้าง   ', 2, 8),
(114, '1706', 'อินทร์บุรี   ', 2, 8),
(115, '1801', 'เมืองชัยนาท   ', 2, 9),
(116, '1802', 'มโนรมย์   ', 2, 9),
(117, '1803', 'วัดสิงห์   ', 2, 9),
(118, '1804', 'สรรพยา   ', 2, 9),
(119, '1805', 'สรรคบุรี   ', 2, 9),
(120, '1806', 'หันคา   ', 2, 9),
(121, '1807', 'หนองมะโมง   ', 2, 9),
(122, '1808', 'เนินขาม   ', 2, 9),
(123, '1901', 'เมืองสระบุรี   ', 2, 10),
(124, '1902', 'แก่งคอย   ', 2, 10),
(125, '1903', 'หนองแค   ', 2, 10),
(126, '1904', 'วิหารแดง   ', 2, 10),
(127, '1905', 'หนองแซง   ', 2, 10),
(128, '1906', 'บ้านหมอ   ', 2, 10),
(129, '1907', 'ดอนพุด   ', 2, 10),
(130, '1908', 'หนองโดน   ', 2, 10),
(131, '1909', 'พระพุทธบาท   ', 2, 10),
(132, '1910', 'เสาไห้   ', 2, 10),
(133, '1911', 'มวกเหล็ก   ', 2, 10),
(134, '1912', 'วังม่วง   ', 2, 10),
(135, '1913', 'เฉลิมพระเกียรติ   ', 2, 10),
(136, '2001', 'เมืองชลบุรี   ', 5, 11),
(137, '2002', 'บ้านบึง   ', 5, 11),
(138, '2003', 'หนองใหญ่   ', 5, 11),
(139, '2004', 'บางละมุง   ', 5, 11),
(140, '2005', 'พานทอง   ', 5, 11),
(141, '2006', 'พนัสนิคม   ', 5, 11),
(142, '2007', 'ศรีราชา   ', 5, 11),
(143, '2008', 'เกาะสีชัง   ', 5, 11),
(144, '2009', 'สัตหีบ   ', 5, 11),
(145, '2010', 'บ่อทอง   ', 5, 11),
(146, '2011', 'เกาะจันทร์   ', 5, 11),
(147, '2051', 'สัตหีบ (สาขาตำบลบางเสร่)*   ', 5, 11),
(148, '2072', 'ท้องถิ่นเทศบาลเมืองหนองปรือ*   ', 5, 11),
(149, '2093', 'เทศบาลตำบลแหลมฉบัง*   ', 5, 11),
(150, '2099', 'เทศบาลเมืองชลบุรี*   ', 5, 11),
(151, '2101', 'เมืองระยอง   ', 5, 12),
(152, '2102', 'บ้านฉาง   ', 5, 12),
(153, '2103', 'แกลง   ', 5, 12),
(154, '2104', 'วังจันทร์   ', 5, 12),
(155, '2105', 'บ้านค่าย   ', 5, 12),
(156, '2106', 'ปลวกแดง   ', 5, 12),
(157, '2107', 'เขาชะเมา   ', 5, 12),
(158, '2108', 'นิคมพัฒนา   ', 5, 12),
(159, '2151', 'สาขาตำบลมาบข่า*   ', 5, 12),
(160, '2201', 'เมืองจันทบุรี   ', 5, 13),
(161, '2202', 'ขลุง   ', 5, 13),
(162, '2203', 'ท่าใหม่   ', 5, 13),
(163, '2204', 'โป่งน้ำร้อน   ', 5, 13),
(164, '2205', 'มะขาม   ', 5, 13),
(165, '2206', 'แหลมสิงห์   ', 5, 13),
(166, '2207', 'สอยดาว   ', 5, 13),
(167, '2208', 'แก่งหางแมว   ', 5, 13),
(168, '2209', 'นายายอาม   ', 5, 13),
(169, '2210', 'เขาคิชฌกูฏ   ', 5, 13),
(170, '2281', '*กิ่ง อ.กำพุธ  จ.จันทบุรี   ', 5, 13),
(171, '2301', 'เมืองตราด   ', 5, 14),
(172, '2302', 'คลองใหญ่   ', 5, 14),
(173, '2303', 'เขาสมิง   ', 5, 14),
(174, '2304', 'บ่อไร่   ', 5, 14),
(175, '2305', 'แหลมงอบ   ', 5, 14),
(176, '2306', 'เกาะกูด   ', 5, 14),
(177, '2307', 'เกาะช้าง   ', 5, 14),
(178, '2401', 'เมืองฉะเชิงเทรา   ', 5, 15),
(179, '2402', 'บางคล้า   ', 5, 15),
(180, '2403', 'บางน้ำเปรี้ยว   ', 5, 15),
(181, '2404', 'บางปะกง   ', 5, 15),
(182, '2405', 'บ้านโพธิ์   ', 5, 15),
(183, '2406', 'พนมสารคาม   ', 5, 15),
(184, '2407', 'ราชสาส์น   ', 5, 15),
(185, '2408', 'สนามชัยเขต   ', 5, 15),
(186, '2409', 'แปลงยาว   ', 5, 15),
(187, '2410', 'ท่าตะเกียบ   ', 5, 15),
(188, '2411', 'คลองเขื่อน   ', 5, 15),
(189, '2501', 'เมืองปราจีนบุรี   ', 5, 16),
(190, '2502', 'กบินทร์บุรี   ', 5, 16),
(191, '2503', 'นาดี   ', 5, 16),
(192, '2504', '*สระแก้ว   ', 5, 16),
(193, '2505', '*วังน้ำเย็น   ', 5, 16),
(194, '2506', 'บ้านสร้าง   ', 5, 16),
(195, '2507', 'ประจันตคาม   ', 5, 16),
(196, '2508', 'ศรีมหาโพธิ   ', 5, 16),
(197, '2509', 'ศรีมโหสถ   ', 5, 16),
(198, '2510', '*อรัญประเทศ   ', 5, 16),
(199, '2511', '*ตาพระยา   ', 5, 16),
(200, '2512', '*วัฒนานคร   ', 5, 16),
(201, '2513', '*คลองหาด   ', 5, 16),
(202, '2601', 'เมืองนครนายก   ', 2, 17),
(203, '2602', 'ปากพลี   ', 2, 17),
(204, '2603', 'บ้านนา   ', 2, 17),
(205, '2604', 'องครักษ์   ', 2, 17),
(206, '2701', 'เมืองสระแก้ว   ', 5, 18),
(207, '2702', 'คลองหาด   ', 5, 18),
(208, '2703', 'ตาพระยา   ', 5, 18),
(209, '2704', 'วังน้ำเย็น   ', 5, 18),
(210, '2705', 'วัฒนานคร   ', 5, 18),
(211, '2706', 'อรัญประเทศ   ', 5, 18),
(212, '2707', 'เขาฉกรรจ์   ', 5, 18),
(213, '2708', 'โคกสูง   ', 5, 18),
(214, '2709', 'วังสมบูรณ์   ', 5, 18),
(215, '3001', 'เมืองนครราชสีมา   ', 3, 19),
(216, '3002', 'ครบุรี   ', 3, 19),
(217, '3003', 'เสิงสาง   ', 3, 19),
(218, '3004', 'คง   ', 3, 19),
(219, '3005', 'บ้านเหลื่อม   ', 3, 19),
(220, '3006', 'จักราช   ', 3, 19),
(221, '3007', 'โชคชัย   ', 3, 19),
(222, '3008', 'ด่านขุนทด   ', 3, 19),
(223, '3009', 'โนนไทย   ', 3, 19),
(224, '3010', 'โนนสูง   ', 3, 19),
(225, '3011', 'ขามสะแกแสง   ', 3, 19),
(226, '3012', 'บัวใหญ่   ', 3, 19),
(227, '3013', 'ประทาย   ', 3, 19),
(228, '3014', 'ปักธงชัย   ', 3, 19),
(229, '3015', 'พิมาย   ', 3, 19),
(230, '3016', 'ห้วยแถลง   ', 3, 19),
(231, '3017', 'ชุมพวง   ', 3, 19),
(232, '3018', 'สูงเนิน   ', 3, 19),
(233, '3019', 'ขามทะเลสอ   ', 3, 19),
(234, '3020', 'สีคิ้ว   ', 3, 19),
(235, '3021', 'ปากช่อง   ', 3, 19),
(236, '3022', 'หนองบุญมาก   ', 3, 19),
(237, '3023', 'แก้งสนามนาง   ', 3, 19),
(238, '3024', 'โนนแดง   ', 3, 19),
(239, '3025', 'วังน้ำเขียว   ', 3, 19),
(240, '3026', 'เทพารักษ์   ', 3, 19),
(241, '3027', 'เมืองยาง   ', 3, 19),
(242, '3028', 'พระทองคำ   ', 3, 19),
(243, '3029', 'ลำทะเมนชัย   ', 3, 19),
(244, '3030', 'บัวลาย   ', 3, 19),
(245, '3031', 'สีดา   ', 3, 19),
(246, '3032', 'เฉลิมพระเกียรติ   ', 3, 19),
(247, '3049', 'ท้องถิ่นเทศบาลตำบลโพธิ์กลาง*   ', 3, 19),
(248, '3051', 'สาขาตำบลมะค่า-พลสงคราม*   ', 3, 19),
(249, '3081', '*โนนลาว   ', 3, 19),
(250, '3101', 'เมืองบุรีรัมย์   ', 3, 20),
(251, '3102', 'คูเมือง   ', 3, 20),
(252, '3103', 'กระสัง', 3, 20),
(253, '3104', 'นางรอง   ', 3, 20),
(254, '3105', 'หนองกี่   ', 3, 20),
(255, '3106', 'ละหานทราย   ', 3, 20),
(256, '3107', 'ประโคนชัย   ', 3, 20),
(257, '3108', 'บ้านกรวด   ', 3, 20),
(258, '3109', 'พุทไธสง   ', 3, 20),
(259, '3110', 'ลำปลายมาศ   ', 3, 20),
(260, '3111', 'สตึก   ', 3, 20),
(261, '3112', 'ปะคำ   ', 3, 20),
(262, '3113', 'นาโพธิ์   ', 3, 20),
(263, '3114', 'หนองหงส์   ', 3, 20),
(264, '3115', 'พลับพลาชัย   ', 3, 20),
(265, '3116', 'ห้วยราช   ', 3, 20),
(266, '3117', 'โนนสุวรรณ   ', 3, 20),
(267, '3118', 'ชำนิ   ', 3, 20),
(268, '3119', 'บ้านใหม่ไชยพจน์   ', 3, 20),
(269, '3120', 'โนนดินแดง   ', 3, 20),
(270, '3121', 'บ้านด่าน   ', 3, 20),
(271, '3122', 'แคนดง   ', 3, 20),
(272, '3123', 'เฉลิมพระเกียรติ   ', 3, 20),
(273, '3201', 'เมืองสุรินทร์   ', 3, 21),
(274, '3202', 'ชุมพลบุรี   ', 3, 21),
(275, '3203', 'ท่าตูม   ', 3, 21),
(276, '3204', 'จอมพระ   ', 3, 21),
(277, '3205', 'ปราสาท   ', 3, 21),
(278, '3206', 'กาบเชิง   ', 3, 21),
(279, '3207', 'รัตนบุรี   ', 3, 21),
(280, '3208', 'สนม   ', 3, 21),
(281, '3209', 'ศีขรภูมิ   ', 3, 21),
(282, '3210', 'สังขะ   ', 3, 21),
(283, '3211', 'ลำดวน   ', 3, 21),
(284, '3212', 'สำโรงทาบ   ', 3, 21),
(285, '3213', 'บัวเชด   ', 3, 21),
(286, '3214', 'พนมดงรัก   ', 3, 21),
(287, '3215', 'ศรีณรงค์   ', 3, 21),
(288, '3216', 'เขวาสินรินทร์   ', 3, 21),
(289, '3217', 'โนนนารายณ์   ', 3, 21),
(290, '3301', 'เมืองศรีสะเกษ   ', 3, 22),
(291, '3302', 'ยางชุมน้อย   ', 3, 22),
(292, '3303', 'กันทรารมย์   ', 3, 22),
(293, '3304', 'กันทรลักษ์   ', 3, 22),
(294, '3305', 'ขุขันธ์   ', 3, 22),
(295, '3306', 'ไพรบึง   ', 3, 22),
(296, '3307', 'ปรางค์กู่   ', 3, 22),
(297, '3308', 'ขุนหาญ   ', 3, 22),
(298, '3309', 'ราษีไศล   ', 3, 22),
(299, '3310', 'อุทุมพรพิสัย   ', 3, 22),
(300, '3311', 'บึงบูรพ์   ', 3, 22),
(301, '3312', 'ห้วยทับทัน   ', 3, 22),
(302, '3313', 'โนนคูณ   ', 3, 22),
(303, '3314', 'ศรีรัตนะ   ', 3, 22),
(304, '3315', 'น้ำเกลี้ยง   ', 3, 22),
(305, '3316', 'วังหิน   ', 3, 22),
(306, '3317', 'ภูสิงห์   ', 3, 22),
(307, '3318', 'เมืองจันทร์   ', 3, 22),
(308, '3319', 'เบญจลักษ์   ', 3, 22),
(309, '3320', 'พยุห์   ', 3, 22),
(310, '3321', 'โพธิ์ศรีสุวรรณ   ', 3, 22),
(311, '3322', 'ศิลาลาด   ', 3, 22),
(312, '3401', 'เมืองอุบลราชธานี   ', 3, 23),
(313, '3402', 'ศรีเมืองใหม่   ', 3, 23),
(314, '3403', 'โขงเจียม   ', 3, 23),
(315, '3404', 'เขื่องใน   ', 3, 23),
(316, '3405', 'เขมราฐ   ', 3, 23),
(317, '3406', '*ชานุมาน   ', 3, 23),
(318, '3407', 'เดชอุดม   ', 3, 23),
(319, '3408', 'นาจะหลวย   ', 3, 23),
(320, '3409', 'น้ำยืน   ', 3, 23),
(321, '3410', 'บุณฑริก   ', 3, 23),
(322, '3411', 'ตระการพืชผล   ', 3, 23),
(323, '3412', 'กุดข้าวปุ้น   ', 3, 23),
(324, '3413', '*พนา   ', 3, 23),
(325, '3414', 'ม่วงสามสิบ   ', 3, 23),
(326, '3415', 'วารินชำราบ   ', 3, 23),
(327, '3416', '*อำนาจเจริญ   ', 3, 23),
(328, '3417', '*เสนางคนิคม   ', 3, 23),
(329, '3418', '*หัวตะพาน   ', 3, 23),
(330, '3419', 'พิบูลมังสาหาร   ', 3, 23),
(331, '3420', 'ตาลสุม   ', 3, 23),
(332, '3421', 'โพธิ์ไทร   ', 3, 23),
(333, '3422', 'สำโรง   ', 3, 23),
(334, '3423', '*กิ่งอำเภอลืออำนาจ   ', 3, 23),
(335, '3424', 'ดอนมดแดง   ', 3, 23),
(336, '3425', 'สิรินธร   ', 3, 23),
(337, '3426', 'ทุ่งศรีอุดม   ', 3, 23),
(338, '3427', '*ปทุมราชวงศา   ', 3, 23),
(339, '3428', '*กิ่งอำเภอศรีหลักชัย   ', 3, 23),
(340, '3429', 'นาเยีย   ', 3, 23),
(341, '3430', 'นาตาล   ', 3, 23),
(342, '3431', 'เหล่าเสือโก้ก   ', 3, 23),
(343, '3432', 'สว่างวีระวงศ์   ', 3, 23),
(344, '3433', 'น้ำขุ่น   ', 3, 23),
(345, '3481', '*อ.สุวรรณวารี  จ.อุบลราชธานี   ', 3, 23),
(346, '3501', 'เมืองยโสธร   ', 3, 24),
(347, '3502', 'ทรายมูล   ', 3, 24),
(348, '3503', 'กุดชุม   ', 3, 24),
(349, '3504', 'คำเขื่อนแก้ว   ', 3, 24),
(350, '3505', 'ป่าติ้ว   ', 3, 24),
(351, '3506', 'มหาชนะชัย   ', 3, 24),
(352, '3507', 'ค้อวัง   ', 3, 24),
(353, '3508', 'เลิงนกทา   ', 3, 24),
(354, '3509', 'ไทยเจริญ   ', 3, 24),
(355, '3601', 'เมืองชัยภูมิ   ', 3, 25),
(356, '3602', 'บ้านเขว้า   ', 3, 25),
(357, '3603', 'คอนสวรรค์   ', 3, 25),
(358, '3604', 'เกษตรสมบูรณ์   ', 3, 25),
(359, '3605', 'หนองบัวแดง   ', 3, 25),
(360, '3606', 'จัตุรัส   ', 3, 25),
(361, '3607', 'บำเหน็จณรงค์   ', 3, 25),
(362, '3608', 'หนองบัวระเหว   ', 3, 25),
(363, '3609', 'เทพสถิต   ', 3, 25),
(364, '3610', 'ภูเขียว   ', 3, 25),
(365, '3611', 'บ้านแท่น   ', 3, 25),
(366, '3612', 'แก้งคร้อ   ', 3, 25),
(367, '3613', 'คอนสาร   ', 3, 25),
(368, '3614', 'ภักดีชุมพล   ', 3, 25),
(369, '3615', 'เนินสง่า   ', 3, 25),
(370, '3616', 'ซับใหญ่   ', 3, 25),
(371, '3651', 'เมืองชัยภูมิ (สาขาตำบลโนนสำราญ)*   ', 3, 25),
(372, '3652', 'สาขาตำบลบ้านหว่าเฒ่า*   ', 3, 25),
(373, '3653', 'หนองบัวแดง (สาขาตำบลวังชมภู)*   ', 3, 25),
(374, '3654', 'กิ่งอำเภอซับใหญ่ (สาขาตำบลซับใหญ่)*   ', 3, 25),
(375, '3655', 'สาขาตำบลโคกเพชร*   ', 3, 25),
(376, '3656', 'เทพสถิต (สาขาตำบลนายางกลัก)*   ', 3, 25),
(377, '3657', 'บ้านแท่น (สาขาตำบลบ้านเต่า)*   ', 3, 25),
(378, '3658', 'แก้งคร้อ (สาขาตำบลท่ามะไฟหวาน)*   ', 3, 25),
(379, '3659', 'คอนสาร (สาขาตำบลโนนคูณ)*   ', 3, 25),
(380, '3701', 'เมืองอำนาจเจริญ   ', 3, 26),
(381, '3702', 'ชานุมาน   ', 3, 26),
(382, '3703', 'ปทุมราชวงศา   ', 3, 26),
(383, '3704', 'พนา   ', 3, 26),
(384, '3705', 'เสนางคนิคม   ', 3, 26),
(385, '3706', 'หัวตะพาน   ', 3, 26),
(386, '3707', 'ลืออำนาจ   ', 3, 26),
(387, '3901', 'เมืองหนองบัวลำภู   ', 3, 27),
(388, '3902', 'นากลาง   ', 3, 27),
(389, '3903', 'โนนสัง   ', 3, 27),
(390, '3904', 'ศรีบุญเรือง   ', 3, 27),
(391, '3905', 'สุวรรณคูหา   ', 3, 27),
(392, '3906', 'นาวัง   ', 3, 27),
(393, '4001', 'เมืองขอนแก่น   ', 3, 28),
(394, '4002', 'บ้านฝาง   ', 3, 28),
(395, '4003', 'พระยืน   ', 3, 28),
(396, '4004', 'หนองเรือ   ', 3, 28),
(397, '4005', 'ชุมแพ   ', 3, 28),
(398, '4006', 'สีชมพู   ', 3, 28),
(399, '4007', 'น้ำพอง   ', 3, 28),
(400, '4008', 'อุบลรัตน์   ', 3, 28),
(401, '4009', 'กระนวน   ', 3, 28),
(402, '4010', 'บ้านไผ่   ', 3, 28),
(403, '4011', 'เปือยน้อย   ', 3, 28),
(404, '4012', 'พล   ', 3, 28),
(405, '4013', 'แวงใหญ่   ', 3, 28),
(406, '4014', 'แวงน้อย   ', 3, 28),
(407, '4015', 'หนองสองห้อง   ', 3, 28),
(408, '4016', 'ภูเวียง   ', 3, 28),
(409, '4017', 'มัญจาคีรี   ', 3, 28),
(410, '4018', 'ชนบท   ', 3, 28),
(411, '4019', 'เขาสวนกวาง   ', 3, 28),
(412, '4020', 'ภูผาม่าน   ', 3, 28),
(413, '4021', 'ซำสูง   ', 3, 28),
(414, '4022', 'โคกโพธิ์ไชย   ', 3, 28),
(415, '4023', 'หนองนาคำ   ', 3, 28),
(416, '4024', 'บ้านแฮด   ', 3, 28),
(417, '4025', 'โนนศิลา   ', 3, 28),
(418, '4029', 'เวียงเก่า   ', 3, 28),
(419, '4068', 'ท้องถิ่นเทศบาลตำบลบ้านเป็ด*   ', 3, 28),
(420, '4098', 'เทศบาลตำบลเมืองพล*   ', 3, 28),
(421, '4101', 'เมืองอุดรธานี   ', 3, 29),
(422, '4102', 'กุดจับ   ', 3, 29),
(423, '4103', 'หนองวัวซอ   ', 3, 29),
(424, '4104', 'กุมภวาปี   ', 3, 29),
(425, '4105', 'โนนสะอาด   ', 3, 29),
(426, '4106', 'หนองหาน   ', 3, 29),
(427, '4107', 'ทุ่งฝน   ', 3, 29),
(428, '4108', 'ไชยวาน   ', 3, 29),
(429, '4109', 'ศรีธาตุ   ', 3, 29),
(430, '4110', 'วังสามหมอ   ', 3, 29),
(431, '4111', 'บ้านดุง   ', 3, 29),
(432, '4112', '*หนองบัวลำภู   ', 3, 29),
(433, '4113', '*ศรีบุญเรือง   ', 3, 29),
(434, '4114', '*นากลาง   ', 3, 29),
(435, '4115', '*สุวรรณคูหา   ', 3, 29),
(436, '4116', '*โนนสัง   ', 3, 29),
(437, '4117', 'บ้านผือ   ', 3, 29),
(438, '4118', 'น้ำโสม   ', 3, 29),
(439, '4119', 'เพ็ญ   ', 3, 29),
(440, '4120', 'สร้างคอม   ', 3, 29),
(441, '4121', 'หนองแสง   ', 3, 29),
(442, '4122', 'นายูง   ', 3, 29),
(443, '4123', 'พิบูลย์รักษ์   ', 3, 29),
(444, '4124', 'กู่แก้ว   ', 3, 29),
(445, '4125', 'ประจักษ์ศิลปาคม   ', 3, 29),
(446, '4201', 'เมืองเลย   ', 3, 30),
(447, '4202', 'นาด้วง   ', 3, 30),
(448, '4203', 'เชียงคาน   ', 3, 30),
(449, '4204', 'ปากชม   ', 3, 30),
(450, '4205', 'ด่านซ้าย   ', 3, 30),
(451, '4206', 'นาแห้ว   ', 3, 30),
(452, '4207', 'ภูเรือ   ', 3, 30),
(453, '4208', 'ท่าลี่   ', 3, 30),
(454, '4209', 'วังสะพุง   ', 3, 30),
(455, '4210', 'ภูกระดึง   ', 3, 30),
(456, '4211', 'ภูหลวง   ', 3, 30),
(457, '4212', 'ผาขาว   ', 3, 30),
(458, '4213', 'เอราวัณ   ', 3, 30),
(459, '4214', 'หนองหิน   ', 3, 30),
(460, '4301', 'เมืองหนองคาย   ', 3, 31),
(461, '4302', 'ท่าบ่อ   ', 3, 31),
(462, '4303', 'เมืองบึงกาฬ   ', 3, 97),
(463, '4304', 'พรเจริญ   ', 3, 97),
(464, '4305', 'โพนพิสัย   ', 3, 31),
(465, '4306', 'โซ่พิสัย   ', 3, 97),
(466, '4307', 'ศรีเชียงใหม่   ', 3, 31),
(467, '4308', 'สังคม   ', 3, 31),
(468, '4309', 'เซกา   ', 3, 97),
(469, '4310', 'ปากคาด   ', 3, 97),
(470, '4311', 'บึงโขงหลง   ', 3, 97),
(471, '4312', 'ศรีวิไล   ', 3, 97),
(472, '4313', 'บุ่งคล้า   ', 3, 97),
(473, '4314', 'สระใคร   ', 3, 31),
(474, '4315', 'เฝ้าไร่   ', 3, 31),
(475, '4316', 'รัตนวาปี   ', 3, 31),
(476, '4317', 'โพธิ์ตาก   ', 3, 31),
(477, '4401', 'เมืองมหาสารคาม   ', 3, 32),
(478, '4402', 'แกดำ   ', 3, 32),
(479, '4403', 'โกสุมพิสัย   ', 3, 32),
(480, '4404', 'กันทรวิชัย   ', 3, 32),
(481, '4405', 'เชียงยืน   ', 3, 32),
(482, '4406', 'บรบือ   ', 3, 32),
(483, '4407', 'นาเชือก   ', 3, 32),
(484, '4408', 'พยัคฆภูมิพิสัย   ', 3, 32),
(485, '4409', 'วาปีปทุม   ', 3, 32),
(486, '4410', 'นาดูน   ', 3, 32),
(487, '4411', 'ยางสีสุราช   ', 3, 32),
(488, '4412', 'กุดรัง   ', 3, 32),
(489, '4413', 'ชื่นชม   ', 3, 32),
(490, '4481', '*หลุบ   ', 3, 32),
(491, '4501', 'เมืองร้อยเอ็ด   ', 3, 33),
(492, '4502', 'เกษตรวิสัย   ', 3, 33),
(493, '4503', 'ปทุมรัตต์   ', 3, 33),
(494, '4504', 'จตุรพักตรพิมาน   ', 3, 33),
(495, '4505', 'ธวัชบุรี   ', 3, 33),
(496, '4506', 'พนมไพร   ', 3, 33),
(497, '4507', 'โพนทอง   ', 3, 33),
(498, '4508', 'โพธิ์ชัย   ', 3, 33),
(499, '4509', 'หนองพอก   ', 3, 33),
(500, '4510', 'เสลภูมิ   ', 3, 33),
(501, '4511', 'สุวรรณภูมิ   ', 3, 33),
(502, '4512', 'เมืองสรวง   ', 3, 33),
(503, '4513', 'โพนทราย   ', 3, 33),
(504, '4514', 'อาจสามารถ   ', 3, 33),
(505, '4515', 'เมยวดี   ', 3, 33),
(506, '4516', 'ศรีสมเด็จ   ', 3, 33),
(507, '4517', 'จังหาร   ', 3, 33),
(508, '4518', 'เชียงขวัญ   ', 3, 33),
(509, '4519', 'หนองฮี   ', 3, 33),
(510, '4520', 'ทุ่งเขาหลวง   ', 3, 33),
(511, '4601', 'เมืองกาฬสินธุ์   ', 3, 34),
(512, '4602', 'นามน   ', 3, 34),
(513, '4603', 'กมลาไสย   ', 3, 34),
(514, '4604', 'ร่องคำ   ', 3, 34),
(515, '4605', 'กุฉินารายณ์   ', 3, 34),
(516, '4606', 'เขาวง   ', 3, 34),
(517, '4607', 'ยางตลาด   ', 3, 34),
(518, '4608', 'ห้วยเม็ก   ', 3, 34),
(519, '4609', 'สหัสขันธ์   ', 3, 34),
(520, '4610', 'คำม่วง   ', 3, 34),
(521, '4611', 'ท่าคันโท   ', 3, 34),
(522, '4612', 'หนองกุงศรี   ', 3, 34),
(523, '4613', 'สมเด็จ   ', 3, 34),
(524, '4614', 'ห้วยผึ้ง   ', 3, 34),
(525, '4615', 'สามชัย   ', 3, 34),
(526, '4616', 'นาคู   ', 3, 34),
(527, '4617', 'ดอนจาน   ', 3, 34),
(528, '4618', 'ฆ้องชัย   ', 3, 34),
(529, '4701', 'เมืองสกลนคร   ', 3, 35),
(530, '4702', 'กุสุมาลย์   ', 3, 35),
(531, '4703', 'กุดบาก   ', 3, 35),
(532, '4704', 'พรรณานิคม   ', 3, 35),
(533, '4705', 'พังโคน   ', 3, 35),
(534, '4706', 'วาริชภูมิ   ', 3, 35),
(535, '4707', 'นิคมน้ำอูน   ', 3, 35),
(536, '4708', 'วานรนิวาส   ', 3, 35),
(537, '4709', 'คำตากล้า   ', 3, 35),
(538, '4710', 'บ้านม่วง   ', 3, 35),
(539, '4711', 'อากาศอำนวย   ', 3, 35),
(540, '4712', 'สว่างแดนดิน   ', 3, 35),
(541, '4713', 'ส่องดาว   ', 3, 35),
(542, '4714', 'เต่างอย   ', 3, 35),
(543, '4715', 'โคกศรีสุพรรณ   ', 3, 35),
(544, '4716', 'เจริญศิลป์   ', 3, 35),
(545, '4717', 'โพนนาแก้ว   ', 3, 35),
(546, '4718', 'ภูพาน   ', 3, 35),
(547, '4751', 'วานรนิวาส (สาขาตำบลกุดเรือคำ)*   ', 3, 35),
(548, '4781', '*อ.บ้านหัน  จ.สกลนคร   ', 3, 35),
(549, '4801', 'เมืองนครพนม   ', 3, 36),
(550, '4802', 'ปลาปาก   ', 3, 36),
(551, '4803', 'ท่าอุเทน   ', 3, 36),
(552, '4804', 'บ้านแพง   ', 3, 36),
(553, '4805', 'ธาตุพนม   ', 3, 36),
(554, '4806', 'เรณูนคร   ', 3, 36),
(555, '4807', 'นาแก   ', 3, 36),
(556, '4808', 'ศรีสงคราม   ', 3, 36),
(557, '4809', 'นาหว้า   ', 3, 36),
(558, '4810', 'โพนสวรรค์   ', 3, 36),
(559, '4811', 'นาทม   ', 3, 36),
(560, '4812', 'วังยาง   ', 3, 36),
(561, '4901', 'เมืองมุกดาหาร   ', 3, 37),
(562, '4902', 'นิคมคำสร้อย   ', 3, 37),
(563, '4903', 'ดอนตาล   ', 3, 37),
(564, '4904', 'ดงหลวง   ', 3, 37),
(565, '4905', 'คำชะอี   ', 3, 37),
(566, '4906', 'หว้านใหญ่   ', 3, 37),
(567, '4907', 'หนองสูง   ', 3, 37),
(568, '5001', 'เมืองเชียงใหม่   ', 1, 38),
(569, '5002', 'จอมทอง   ', 1, 38),
(570, '5003', 'แม่แจ่ม   ', 1, 38),
(571, '5004', 'เชียงดาว   ', 1, 38),
(572, '5005', 'ดอยสะเก็ด   ', 1, 38),
(573, '5006', 'แม่แตง   ', 1, 38),
(574, '5007', 'แม่ริม   ', 1, 38),
(575, '5008', 'สะเมิง   ', 1, 38),
(576, '5009', 'ฝาง   ', 1, 38),
(577, '5010', 'แม่อาย   ', 1, 38),
(578, '5011', 'พร้าว   ', 1, 38),
(579, '5012', 'สันป่าตอง   ', 1, 38),
(580, '5013', 'สันกำแพง   ', 1, 38),
(581, '5014', 'สันทราย   ', 1, 38),
(582, '5015', 'หางดง   ', 1, 38),
(583, '5016', 'ฮอด   ', 1, 38),
(584, '5017', 'ดอยเต่า   ', 1, 38),
(585, '5018', 'อมก๋อย   ', 1, 38),
(586, '5019', 'สารภี   ', 1, 38),
(587, '5020', 'เวียงแหง   ', 1, 38),
(588, '5021', 'ไชยปราการ   ', 1, 38),
(589, '5022', 'แม่วาง   ', 1, 38),
(590, '5023', 'แม่ออน   ', 1, 38),
(591, '5024', 'ดอยหล่อ   ', 1, 38),
(592, '5051', 'เทศบาลนครเชียงใหม่ (สาขาแขวงกาลวิละ*   ', 1, 38),
(593, '5052', 'เทศบาลนครเชียงใหม่ (สาขาแขวงศรีวิชั*   ', 1, 38),
(594, '5053', 'เทศบาลนครเชียงใหม่ (สาขาเม็งราย*   ', 1, 38),
(595, '5101', 'เมืองลำพูน   ', 1, 39),
(596, '5102', 'แม่ทา   ', 1, 39),
(597, '5103', 'บ้านโฮ่ง   ', 1, 39),
(598, '5104', 'ลี้   ', 1, 39),
(599, '5105', 'ทุ่งหัวช้าง   ', 1, 39),
(600, '5106', 'ป่าซาง   ', 1, 39),
(601, '5107', 'บ้านธิ   ', 1, 39),
(602, '5108', 'เวียงหนองล่อง   ', 1, 39),
(603, '5201', 'เมืองลำปาง   ', 1, 40),
(604, '5202', 'แม่เมาะ   ', 1, 40),
(605, '5203', 'เกาะคา   ', 1, 40),
(606, '5204', 'เสริมงาม   ', 1, 40),
(607, '5205', 'งาว   ', 1, 40),
(608, '5206', 'แจ้ห่ม   ', 1, 40),
(609, '5207', 'วังเหนือ   ', 1, 40),
(610, '5208', 'เถิน   ', 1, 40),
(611, '5209', 'แม่พริก   ', 1, 40),
(612, '5210', 'แม่ทะ   ', 1, 40),
(613, '5211', 'สบปราบ   ', 1, 40),
(614, '5212', 'ห้างฉัตร   ', 1, 40),
(615, '5213', 'เมืองปาน   ', 1, 40),
(616, '5301', 'เมืองอุตรดิตถ์   ', 1, 41),
(617, '5302', 'ตรอน   ', 1, 41),
(618, '5303', 'ท่าปลา   ', 1, 41),
(619, '5304', 'น้ำปาด   ', 1, 41),
(620, '5305', 'ฟากท่า   ', 1, 41),
(621, '5306', 'บ้านโคก   ', 1, 41),
(622, '5307', 'พิชัย   ', 1, 41),
(623, '5308', 'ลับแล   ', 1, 41),
(624, '5309', 'ทองแสนขัน   ', 1, 41),
(625, '5401', 'เมืองแพร่   ', 1, 42),
(626, '5402', 'ร้องกวาง   ', 1, 42),
(627, '5403', 'ลอง   ', 1, 42),
(628, '5404', 'สูงเม่น   ', 1, 42),
(629, '5405', 'เด่นชัย   ', 1, 42),
(630, '5406', 'สอง   ', 1, 42),
(631, '5407', 'วังชิ้น   ', 1, 42),
(632, '5408', 'หนองม่วงไข่   ', 1, 42),
(633, '5501', 'เมืองน่าน   ', 1, 43),
(634, '5502', 'แม่จริม   ', 1, 43),
(635, '5503', 'บ้านหลวง   ', 1, 43),
(636, '5504', 'นาน้อย   ', 1, 43),
(637, '5505', 'ปัว   ', 1, 43),
(638, '5506', 'ท่าวังผา   ', 1, 43),
(639, '5507', 'เวียงสา   ', 1, 43),
(640, '5508', 'ทุ่งช้าง   ', 1, 43),
(641, '5509', 'เชียงกลาง   ', 1, 43),
(642, '5510', 'นาหมื่น   ', 1, 43),
(643, '5511', 'สันติสุข   ', 1, 43),
(644, '5512', 'บ่อเกลือ   ', 1, 43),
(645, '5513', 'สองแคว   ', 1, 43),
(646, '5514', 'ภูเพียง   ', 1, 43),
(647, '5515', 'เฉลิมพระเกียรติ   ', 1, 43),
(648, '5601', 'เมืองพะเยา   ', 1, 44),
(649, '5602', 'จุน   ', 1, 44),
(650, '5603', 'เชียงคำ   ', 1, 44),
(651, '5604', 'เชียงม่วน   ', 1, 44),
(652, '5605', 'ดอกคำใต้   ', 1, 44),
(653, '5606', 'ปง   ', 1, 44),
(654, '5607', 'แม่ใจ   ', 1, 44),
(655, '5608', 'ภูซาง   ', 1, 44),
(656, '5609', 'ภูกามยาว   ', 1, 44),
(657, '5701', 'เมืองเชียงราย   ', 1, 45),
(658, '5702', 'เวียงชัย   ', 1, 45),
(659, '5703', 'เชียงของ   ', 1, 45),
(660, '5704', 'เทิง   ', 1, 45),
(661, '5705', 'พาน   ', 1, 45),
(662, '5706', 'ป่าแดด   ', 1, 45),
(663, '5707', 'แม่จัน   ', 1, 45),
(664, '5708', 'เชียงแสน   ', 1, 45),
(665, '5709', 'แม่สาย   ', 1, 45),
(666, '5710', 'แม่สรวย   ', 1, 45),
(667, '5711', 'เวียงป่าเป้า   ', 1, 45),
(668, '5712', 'พญาเม็งราย   ', 1, 45),
(669, '5713', 'เวียงแก่น   ', 1, 45),
(670, '5714', 'ขุนตาล   ', 1, 45),
(671, '5715', 'แม่ฟ้าหลวง   ', 1, 45),
(672, '5716', 'แม่ลาว   ', 1, 45),
(673, '5717', 'เวียงเชียงรุ้ง   ', 1, 45),
(674, '5718', 'ดอยหลวง   ', 1, 45),
(675, '5801', 'เมืองแม่ฮ่องสอน   ', 1, 46),
(676, '5802', 'ขุนยวม   ', 1, 46),
(677, '5803', 'ปาย   ', 1, 46),
(678, '5804', 'แม่สะเรียง   ', 1, 46),
(679, '5805', 'แม่ลาน้อย   ', 1, 46),
(680, '5806', 'สบเมย   ', 1, 46),
(681, '5807', 'ปางมะผ้า   ', 1, 46),
(682, '5881', '*อ.ม่วยต่อ  จ.แม่ฮ่องสอน   ', 1, 46),
(683, '6001', 'เมืองนครสวรรค์   ', 2, 47),
(684, '6002', 'โกรกพระ   ', 2, 47),
(685, '6003', 'ชุมแสง   ', 2, 47),
(686, '6004', 'หนองบัว   ', 2, 47),
(687, '6005', 'บรรพตพิสัย   ', 2, 47),
(688, '6006', 'เก้าเลี้ยว   ', 2, 47),
(689, '6007', 'ตาคลี   ', 2, 47),
(690, '6008', 'ท่าตะโก   ', 2, 47),
(691, '6009', 'ไพศาลี   ', 2, 47),
(692, '6010', 'พยุหะคีรี   ', 2, 47),
(693, '6011', 'ลาดยาว   ', 2, 47),
(694, '6012', 'ตากฟ้า   ', 2, 47),
(695, '6013', 'แม่วงก์   ', 2, 47),
(696, '6014', 'แม่เปิน   ', 2, 47),
(697, '6015', 'ชุมตาบง   ', 2, 47),
(698, '6051', 'สาขาตำบลห้วยน้ำหอม*   ', 2, 47),
(699, '6052', 'กิ่งอำเภอชุมตาบง (สาขาตำบลชุมตาบง)*   ', 2, 47),
(700, '6053', 'แม่วงก์ (สาขาตำบลแม่เล่ย์)*   ', 2, 47),
(701, '6101', 'เมืองอุทัยธานี   ', 2, 48),
(702, '6102', 'ทัพทัน   ', 2, 48),
(703, '6103', 'สว่างอารมณ์   ', 2, 48),
(704, '6104', 'หนองฉาง   ', 2, 48),
(705, '6105', 'หนองขาหย่าง   ', 2, 48),
(706, '6106', 'บ้านไร่   ', 2, 48),
(707, '6107', 'ลานสัก   ', 2, 48),
(708, '6108', 'ห้วยคต   ', 2, 48),
(709, '6201', 'เมืองกำแพงเพชร   ', 2, 49),
(710, '6202', 'ไทรงาม   ', 2, 49),
(711, '6203', 'คลองลาน   ', 2, 49),
(712, '6204', 'ขาณุวรลักษบุรี   ', 2, 49),
(713, '6205', 'คลองขลุง   ', 2, 49),
(714, '6206', 'พรานกระต่าย   ', 2, 49),
(715, '6207', 'ลานกระบือ   ', 2, 49),
(716, '6208', 'ทรายทองวัฒนา   ', 2, 49),
(717, '6209', 'ปางศิลาทอง   ', 2, 49),
(718, '6210', 'บึงสามัคคี   ', 2, 49),
(719, '6211', 'โกสัมพีนคร   ', 2, 49),
(720, '6301', 'เมืองตาก   ', 4, 50),
(721, '6302', 'บ้านตาก   ', 4, 50),
(722, '6303', 'สามเงา   ', 4, 50),
(723, '6304', 'แม่ระมาด   ', 4, 50),
(724, '6305', 'ท่าสองยาง   ', 4, 50),
(725, '6306', 'แม่สอด   ', 4, 50),
(726, '6307', 'พบพระ   ', 4, 50),
(727, '6308', 'อุ้มผาง   ', 4, 50),
(728, '6309', 'วังเจ้า   ', 4, 50),
(729, '6381', '*กิ่ง อ.ท่าปุย  จ.ตาก   ', 4, 50),
(730, '6401', 'เมืองสุโขทัย   ', 2, 51),
(731, '6402', 'บ้านด่านลานหอย   ', 2, 51),
(732, '6403', 'คีรีมาศ   ', 2, 51),
(733, '6404', 'กงไกรลาศ   ', 2, 51),
(734, '6405', 'ศรีสัชนาลัย   ', 2, 51),
(735, '6406', 'ศรีสำโรง   ', 2, 51),
(736, '6407', 'สวรรคโลก   ', 2, 51),
(737, '6408', 'ศรีนคร   ', 2, 51),
(738, '6409', 'ทุ่งเสลี่ยม   ', 2, 51),
(739, '6501', 'เมืองพิษณุโลก   ', 2, 52),
(740, '6502', 'นครไทย   ', 2, 52),
(741, '6503', 'ชาติตระการ   ', 2, 52),
(742, '6504', 'บางระกำ   ', 2, 52),
(743, '6505', 'บางกระทุ่ม   ', 2, 52),
(744, '6506', 'พรหมพิราม   ', 2, 52),
(745, '6507', 'วัดโบสถ์   ', 2, 52),
(746, '6508', 'วังทอง   ', 2, 52),
(747, '6509', 'เนินมะปราง   ', 2, 52),
(748, '6601', 'เมืองพิจิตร   ', 2, 53),
(749, '6602', 'วังทรายพูน   ', 2, 53),
(750, '6603', 'โพธิ์ประทับช้าง   ', 2, 53),
(751, '6604', 'ตะพานหิน   ', 2, 53),
(752, '6605', 'บางมูลนาก   ', 2, 53),
(753, '6606', 'โพทะเล   ', 2, 53),
(754, '6607', 'สามง่าม   ', 2, 53),
(755, '6608', 'ทับคล้อ   ', 2, 53),
(756, '6609', 'สากเหล็ก   ', 2, 53),
(757, '6610', 'บึงนาราง   ', 2, 53),
(758, '6611', 'ดงเจริญ   ', 2, 53),
(759, '6612', 'วชิรบารมี   ', 2, 53),
(760, '6701', 'เมืองเพชรบูรณ์   ', 2, 54),
(761, '6702', 'ชนแดน   ', 2, 54),
(762, '6703', 'หล่มสัก   ', 2, 54),
(763, '6704', 'หล่มเก่า   ', 2, 54),
(764, '6705', 'วิเชียรบุรี   ', 2, 54),
(765, '6706', 'ศรีเทพ   ', 2, 54),
(766, '6707', 'หนองไผ่   ', 2, 54),
(767, '6708', 'บึงสามพัน   ', 2, 54),
(768, '6709', 'น้ำหนาว   ', 2, 54),
(769, '6710', 'วังโป่ง   ', 2, 54),
(770, '6711', 'เขาค้อ   ', 2, 54),
(771, '7001', 'เมืองราชบุรี   ', 4, 55),
(772, '7002', 'จอมบึง   ', 4, 55),
(773, '7003', 'สวนผึ้ง   ', 4, 55),
(774, '7004', 'ดำเนินสะดวก   ', 4, 55),
(775, '7005', 'บ้านโป่ง   ', 4, 55),
(776, '7006', 'บางแพ   ', 4, 55),
(777, '7007', 'โพธาราม   ', 4, 55),
(778, '7008', 'ปากท่อ   ', 4, 55),
(779, '7009', 'วัดเพลง   ', 4, 55),
(780, '7010', 'บ้านคา   ', 4, 55),
(781, '7074', 'ท้องถิ่นเทศบาลตำบลบ้านฆ้อง   ', 4, 55),
(782, '7101', 'เมืองกาญจนบุรี   ', 4, 56),
(783, '7102', 'ไทรโยค   ', 4, 56),
(784, '7103', 'บ่อพลอย   ', 4, 56),
(785, '7104', 'ศรีสวัสดิ์   ', 4, 56),
(786, '7105', 'ท่ามะกา   ', 4, 56),
(787, '7106', 'ท่าม่วง   ', 4, 56),
(788, '7107', 'ทองผาภูมิ   ', 4, 56),
(789, '7108', 'สังขละบุรี   ', 4, 56),
(790, '7109', 'พนมทวน   ', 4, 56),
(791, '7110', 'เลาขวัญ   ', 4, 56),
(792, '7111', 'ด่านมะขามเตี้ย   ', 4, 56),
(793, '7112', 'หนองปรือ   ', 4, 56),
(794, '7113', 'ห้วยกระเจา   ', 4, 56),
(795, '7151', 'สาขาตำบลท่ากระดาน*   ', 4, 56),
(796, '7181', '*บ้านทวน  จ.กาญจนบุรี   ', 4, 56),
(797, '7201', 'เมืองสุพรรณบุรี   ', 2, 57),
(798, '7202', 'เดิมบางนางบวช   ', 2, 57),
(799, '7203', 'ด่านช้าง   ', 2, 57),
(800, '7204', 'บางปลาม้า   ', 2, 57),
(801, '7205', 'ศรีประจันต์   ', 2, 57),
(802, '7206', 'ดอนเจดีย์   ', 2, 57),
(803, '7207', 'สองพี่น้อง   ', 2, 57),
(804, '7208', 'สามชุก   ', 2, 57),
(805, '7209', 'อู่ทอง   ', 2, 57),
(806, '7210', 'หนองหญ้าไซ   ', 2, 57),
(807, '7301', 'เมืองนครปฐม   ', 2, 58),
(808, '7302', 'กำแพงแสน   ', 2, 58),
(809, '7303', 'นครชัยศรี   ', 2, 58),
(810, '7304', 'ดอนตูม   ', 2, 58),
(811, '7305', 'บางเลน   ', 2, 58),
(812, '7306', 'สามพราน   ', 2, 58),
(813, '7307', 'พุทธมณฑล   ', 2, 58),
(814, '7401', 'เมืองสมุทรสาคร   ', 2, 59),
(815, '7402', 'กระทุ่มแบน   ', 2, 59),
(816, '7403', 'บ้านแพ้ว   ', 2, 59),
(817, '7501', 'เมืองสมุทรสงคราม   ', 2, 60),
(818, '7502', 'บางคนที   ', 2, 60),
(819, '7503', 'อัมพวา   ', 2, 60),
(820, '7601', 'เมืองเพชรบุรี   ', 4, 61),
(821, '7602', 'เขาย้อย   ', 4, 61),
(822, '7603', 'หนองหญ้าปล้อง   ', 4, 61),
(823, '7604', 'ชะอำ   ', 4, 61),
(824, '7605', 'ท่ายาง   ', 4, 61),
(825, '7606', 'บ้านลาด   ', 4, 61),
(826, '7607', 'บ้านแหลม   ', 4, 61),
(827, '7608', 'แก่งกระจาน   ', 4, 61),
(828, '7701', 'เมืองประจวบคีรีขันธ์   ', 4, 62),
(829, '7702', 'กุยบุรี   ', 4, 62),
(830, '7703', 'ทับสะแก   ', 4, 62),
(831, '7704', 'บางสะพาน   ', 4, 62),
(832, '7705', 'บางสะพานน้อย   ', 4, 62),
(833, '7706', 'ปราณบุรี   ', 4, 62),
(834, '7707', 'หัวหิน   ', 4, 62),
(835, '7708', 'สามร้อยยอด   ', 4, 62),
(836, '8001', 'เมืองนครศรีธรรมราช   ', 6, 63),
(837, '8002', 'พรหมคีรี   ', 6, 63),
(838, '8003', 'ลานสกา   ', 6, 63),
(839, '8004', 'ฉวาง   ', 6, 63),
(840, '8005', 'พิปูน   ', 6, 63),
(841, '8006', 'เชียรใหญ่   ', 6, 63),
(842, '8007', 'ชะอวด   ', 6, 63),
(843, '8008', 'ท่าศาลา   ', 6, 63),
(844, '8009', 'ทุ่งสง   ', 6, 63),
(845, '8010', 'นาบอน   ', 6, 63),
(846, '8011', 'ทุ่งใหญ่   ', 6, 63),
(847, '8012', 'ปากพนัง   ', 6, 63),
(848, '8013', 'ร่อนพิบูลย์   ', 6, 63),
(849, '8014', 'สิชล   ', 6, 63),
(850, '8015', 'ขนอม   ', 6, 63),
(851, '8016', 'หัวไทร   ', 6, 63),
(852, '8017', 'บางขัน   ', 6, 63),
(853, '8018', 'ถ้ำพรรณรา   ', 6, 63),
(854, '8019', 'จุฬาภรณ์   ', 6, 63),
(855, '8020', 'พระพรหม   ', 6, 63),
(856, '8021', 'นบพิตำ   ', 6, 63),
(857, '8022', 'ช้างกลาง   ', 6, 63),
(858, '8023', 'เฉลิมพระเกียรติ   ', 6, 63),
(859, '8051', 'เชียรใหญ่ (สาขาตำบลเสือหึง)*   ', 6, 63),
(860, '8052', 'สาขาตำบลสวนหลวง**   ', 6, 63),
(861, '8053', 'ร่อนพิบูลย์ (สาขาตำบลหินตก)*   ', 6, 63),
(862, '8054', 'หัวไทร (สาขาตำบลควนชะลิก)*   ', 6, 63),
(863, '8055', 'ทุ่งสง (สาขาตำบลกะปาง)*   ', 6, 63),
(864, '8101', 'เมืองกระบี่   ', 6, 64),
(865, '8102', 'เขาพนม   ', 6, 64),
(866, '8103', 'เกาะลันตา   ', 6, 64),
(867, '8104', 'คลองท่อม   ', 6, 64),
(868, '8105', 'อ่าวลึก   ', 6, 64),
(869, '8106', 'ปลายพระยา   ', 6, 64),
(870, '8107', 'ลำทับ   ', 6, 64),
(871, '8108', 'เหนือคลอง   ', 6, 64),
(872, '8201', 'เมืองพังงา   ', 6, 65),
(873, '8202', 'เกาะยาว   ', 6, 65),
(874, '8203', 'กะปง   ', 6, 65),
(875, '8204', 'ตะกั่วทุ่ง   ', 6, 65),
(876, '8205', 'ตะกั่วป่า   ', 6, 65),
(877, '8206', 'คุระบุรี   ', 6, 65),
(878, '8207', 'ทับปุด   ', 6, 65),
(879, '8208', 'ท้ายเหมือง   ', 6, 65),
(880, '8301', 'เมืองภูเก็ต   ', 6, 66),
(881, '8302', 'กะทู้   ', 6, 66),
(882, '8303', 'ถลาง   ', 6, 66),
(883, '8381', '*ทุ่งคา   ', 6, 66),
(884, '8401', 'เมืองสุราษฎร์ธานี   ', 6, 67),
(885, '8402', 'กาญจนดิษฐ์   ', 6, 67),
(886, '8403', 'ดอนสัก   ', 6, 67),
(887, '8404', 'เกาะสมุย   ', 6, 67),
(888, '8405', 'เกาะพะงัน   ', 6, 67),
(889, '8406', 'ไชยา   ', 6, 67),
(890, '8407', 'ท่าชนะ   ', 6, 67),
(891, '8408', 'คีรีรัฐนิคม   ', 6, 67),
(892, '8409', 'บ้านตาขุน   ', 6, 67),
(893, '8410', 'พนม   ', 6, 67),
(894, '8411', 'ท่าฉาง   ', 6, 67),
(895, '8412', 'บ้านนาสาร   ', 6, 67),
(896, '8413', 'บ้านนาเดิม   ', 6, 67),
(897, '8414', 'เคียนซา   ', 6, 67),
(898, '8415', 'เวียงสระ   ', 6, 67),
(899, '8416', 'พระแสง   ', 6, 67),
(900, '8417', 'พุนพิน   ', 6, 67),
(901, '8418', 'ชัยบุรี   ', 6, 67),
(902, '8419', 'วิภาวดี   ', 6, 67),
(903, '8451', 'เกาะพงัน (สาขาตำบลเกาะเต่า)*   ', 6, 67),
(904, '8481', '*อ.บ้านดอน  จ.สุราษฎร์ธานี   ', 6, 67),
(905, '8501', 'เมืองระนอง   ', 6, 68),
(906, '8502', 'ละอุ่น   ', 6, 68),
(907, '8503', 'กะเปอร์   ', 6, 68),
(908, '8504', 'กระบุรี   ', 6, 68),
(909, '8505', 'สุขสำราญ   ', 6, 68),
(910, '8601', 'เมืองชุมพร   ', 6, 69),
(911, '8602', 'ท่าแซะ   ', 6, 69),
(912, '8603', 'ปะทิว   ', 6, 69),
(913, '8604', 'หลังสวน   ', 6, 69),
(914, '8605', 'ละแม   ', 6, 69),
(915, '8606', 'พะโต๊ะ   ', 6, 69),
(916, '8607', 'สวี   ', 6, 69),
(917, '8608', 'ทุ่งตะโก   ', 6, 69),
(918, '9001', 'เมืองสงขลา   ', 6, 70),
(919, '9002', 'สทิงพระ   ', 6, 70),
(920, '9003', 'จะนะ   ', 6, 70),
(921, '9004', 'นาทวี   ', 6, 70),
(922, '9005', 'เทพา   ', 6, 70),
(923, '9006', 'สะบ้าย้อย   ', 6, 70),
(924, '9007', 'ระโนด   ', 6, 70),
(925, '9008', 'กระแสสินธุ์   ', 6, 70),
(926, '9009', 'รัตภูมิ   ', 6, 70),
(927, '9010', 'สะเดา   ', 6, 70),
(928, '9011', 'หาดใหญ่   ', 6, 70),
(929, '9012', 'นาหม่อม   ', 6, 70),
(930, '9013', 'ควนเนียง   ', 6, 70),
(931, '9014', 'บางกล่ำ   ', 6, 70),
(932, '9015', 'สิงหนคร   ', 6, 70),
(933, '9016', 'คลองหอยโข่ง   ', 6, 70);
INSERT INTO `amphur` (`AMPHUR_ID`, `AMPHUR_CODE`, `AMPHUR_NAME`, `GEO_ID`, `PROVINCE_ID`) VALUES
(934, '9077', 'ท้องถิ่นเทศบาลตำบลสำนักขาม   ', 6, 70),
(935, '9096', 'เทศบาลตำบลบ้านพรุ*   ', 6, 70),
(936, '9101', 'เมืองสตูล   ', 6, 71),
(937, '9102', 'ควนโดน   ', 6, 71),
(938, '9103', 'ควนกาหลง   ', 6, 71),
(939, '9104', 'ท่าแพ   ', 6, 71),
(940, '9105', 'ละงู   ', 6, 71),
(941, '9106', 'ทุ่งหว้า   ', 6, 71),
(942, '9107', 'มะนัง   ', 6, 71),
(943, '9201', 'เมืองตรัง   ', 6, 72),
(944, '9202', 'กันตัง   ', 6, 72),
(945, '9203', 'ย่านตาขาว   ', 6, 72),
(946, '9204', 'ปะเหลียน   ', 6, 72),
(947, '9205', 'สิเกา   ', 6, 72),
(948, '9206', 'ห้วยยอด   ', 6, 72),
(949, '9207', 'วังวิเศษ   ', 6, 72),
(950, '9208', 'นาโยง   ', 6, 72),
(951, '9209', 'รัษฎา   ', 6, 72),
(952, '9210', 'หาดสำราญ   ', 6, 72),
(953, '9251', 'อำเภอเมืองตรัง(สาขาคลองเต็ง)**   ', 6, 72),
(954, '9301', 'เมืองพัทลุง   ', 6, 73),
(955, '9302', 'กงหรา   ', 6, 73),
(956, '9303', 'เขาชัยสน   ', 6, 73),
(957, '9304', 'ตะโหมด   ', 6, 73),
(958, '9305', 'ควนขนุน   ', 6, 73),
(959, '9306', 'ปากพะยูน   ', 6, 73),
(960, '9307', 'ศรีบรรพต   ', 6, 73),
(961, '9308', 'ป่าบอน   ', 6, 73),
(962, '9309', 'บางแก้ว   ', 6, 73),
(963, '9310', 'ป่าพะยอม   ', 6, 73),
(964, '9311', 'ศรีนครินทร์   ', 6, 73),
(965, '9401', 'เมืองปัตตานี   ', 6, 74),
(966, '9402', 'โคกโพธิ์   ', 6, 74),
(967, '9403', 'หนองจิก   ', 6, 74),
(968, '9404', 'ปะนาเระ   ', 6, 74),
(969, '9405', 'มายอ   ', 6, 74),
(970, '9406', 'ทุ่งยางแดง   ', 6, 74),
(971, '9407', 'สายบุรี   ', 6, 74),
(972, '9408', 'ไม้แก่น   ', 6, 74),
(973, '9409', 'ยะหริ่ง   ', 6, 74),
(974, '9410', 'ยะรัง   ', 6, 74),
(975, '9411', 'กะพ้อ   ', 6, 74),
(976, '9412', 'แม่ลาน   ', 6, 74),
(977, '9501', 'เมืองยะลา   ', 6, 75),
(978, '9502', 'เบตง   ', 6, 75),
(979, '9503', 'บันนังสตา   ', 6, 75),
(980, '9504', 'ธารโต   ', 6, 75),
(981, '9505', 'ยะหา   ', 6, 75),
(982, '9506', 'รามัน   ', 6, 75),
(983, '9507', 'กาบัง   ', 6, 75),
(984, '9508', 'กรงปินัง   ', 6, 75),
(985, '9601', 'เมืองนราธิวาส   ', 6, 76),
(986, '9602', 'ตากใบ   ', 6, 76),
(987, '9603', 'บาเจาะ   ', 6, 76),
(988, '9604', 'ยี่งอ   ', 6, 76),
(989, '9605', 'ระแงะ   ', 6, 76),
(990, '9606', 'รือเสาะ   ', 6, 76),
(991, '9607', 'ศรีสาคร   ', 6, 76),
(992, '9608', 'แว้ง   ', 6, 76),
(993, '9609', 'สุคิริน   ', 6, 76),
(994, '9610', 'สุไหงโก-ลก   ', 6, 76),
(995, '9611', 'สุไหงปาดี   ', 6, 76),
(996, '9612', 'จะแนะ   ', 6, 76),
(997, '9613', 'เจาะไอร้อง   ', 6, 76),
(998, '9681', '*อ.บางนรา  จ.นราธิวาส   ', 6, 76);

-- --------------------------------------------------------

--
-- Table structure for table `canceltype`
--

CREATE TABLE IF NOT EXISTS `canceltype` (
  `canceltype_id` int(11) NOT NULL,
  `canceltype_name` varchar(50) DEFAULT NULL,
  PRIMARY KEY (`canceltype_id`)
) ENGINE=InnoDB DEFAULT CHARSET=latin1;

--
-- Dumping data for table `canceltype`
--

INSERT INTO `canceltype` (`canceltype_id`, `canceltype_name`) VALUES
(1, 'Free cancellation'),
(2, 'Strict'),
(3, 'Non Refundable');

-- --------------------------------------------------------

--
-- Table structure for table `category`
--

CREATE TABLE IF NOT EXISTS `category` (
  `category_id` int(11) NOT NULL AUTO_INCREMENT,
  `value` varchar(255) COLLATE utf8_unicode_ci NOT NULL,
  PRIMARY KEY (`category_id`)
) ENGINE=InnoDB  DEFAULT CHARSET=utf8 COLLATE=utf8_unicode_ci AUTO_INCREMENT=13 ;

--
-- Dumping data for table `category`
--

INSERT INTO `category` (`category_id`, `value`) VALUES
(1, 'Pool Villa'),
(2, 'Pets Allowed'),
(3, 'Mountain view'),
(4, 'beach front'),
(5, 'Golf Club'),
(6, 'BTS / MRT Airport link'),
(7, 'Boutique Hotel'),
(8, 'Green Hotel'),
(9, 'Therapeutic /health and wellness'),
(10, 'Adventure / natural'),
(11, 'City area'),
(12, 'Shopping Area ');

-- --------------------------------------------------------

--
-- Table structure for table `comment`
--

CREATE TABLE IF NOT EXISTS `comment` (
  `id` int(100) NOT NULL AUTO_INCREMENT,
  `comment` text NOT NULL,
  `ref_code` varchar(100) NOT NULL,
  `star` int(11) NOT NULL,
  `update` varchar(100) NOT NULL,
  PRIMARY KEY (`id`)
) ENGINE=InnoDB  DEFAULT CHARSET=latin1 AUTO_INCREMENT=4 ;

--
-- Dumping data for table `comment`
--

INSERT INTO `comment` (`id`, `comment`, `ref_code`, `star`, `update`) VALUES
(1, 'Very GoooD', 'YAYa30DXRD', 5, '2015-12-26 10:19:11'),
(2, 'just nice', 'YAYa30DXRD', 4, '2015-12-26 10:19:11'),
(3, 'BOooooooo', 'YAYa30DXRD', 2, '2015-12-26 10:19:11');

-- --------------------------------------------------------

--
-- Table structure for table `country`
--

CREATE TABLE IF NOT EXISTS `country` (
  `country_id` int(11) NOT NULL AUTO_INCREMENT,
  `country_name` varchar(255) NOT NULL,
  PRIMARY KEY (`country_id`)
) ENGINE=InnoDB  DEFAULT CHARSET=utf8 AUTO_INCREMENT=240 ;

--
-- Dumping data for table `country`
--

INSERT INTO `country` (`country_id`, `country_name`) VALUES
(1, 'Afghanistan'),
(2, 'Albania'),
(3, 'Algeria'),
(4, 'American Samoa'),
(5, 'Andorra'),
(6, 'Angola'),
(7, 'Anguilla'),
(8, 'Antarctica'),
(9, 'Antigua and Barbuda'),
(10, 'Argentina'),
(11, 'Armenia'),
(12, 'Aruba'),
(13, 'Australia'),
(14, 'Austria'),
(15, 'Azerbaijan'),
(16, 'Bahamas'),
(17, 'Bahrain'),
(18, 'Bangladesh'),
(19, 'Barbados'),
(20, 'Belarus'),
(21, 'Belgium'),
(22, 'Belize'),
(23, 'Benin'),
(24, 'Bermuda'),
(25, 'Bhutan'),
(26, 'Bolivia'),
(27, 'Bosnia and Herzegowina'),
(28, 'Botswana'),
(29, 'Bouvet Island'),
(30, 'Brazil'),
(31, 'British Indian Ocean Territory'),
(32, 'Brunei Darussalam'),
(33, 'Bulgaria'),
(34, 'Burkina Faso'),
(35, 'Burundi'),
(36, 'Cambodia'),
(37, 'Cameroon'),
(38, 'Canada'),
(39, 'Cape Verde'),
(40, 'Cayman Islands'),
(41, 'Central African Republic'),
(42, 'Chad'),
(43, 'Chile'),
(44, 'China'),
(45, 'Christmas Island'),
(46, 'Cocos (Keeling) Islands'),
(47, 'Colombia'),
(48, 'Comoros'),
(49, 'Congo'),
(50, 'Congo, the Democratic Republic of the'),
(51, 'Cook Islands'),
(52, 'Costa Rica'),
(53, 'Cote d''Ivoire'),
(54, 'Croatia (Hrvatska)'),
(55, 'Cuba'),
(56, 'Cyprus'),
(57, 'Czech Republic'),
(58, 'Denmark'),
(59, 'Djibouti'),
(60, 'Dominica'),
(61, 'Dominican Republic'),
(62, 'East Timor'),
(63, 'Ecuador'),
(64, 'Egypt'),
(65, 'El Salvador'),
(66, 'Equatorial Guinea'),
(67, 'Eritrea'),
(68, 'Estonia'),
(69, 'Ethiopia'),
(70, 'Falkland Islands (Malvinas)'),
(71, 'Faroe Islands'),
(72, 'Fiji'),
(73, 'Finland'),
(74, 'France'),
(75, 'France Metropolitan'),
(76, 'French Guiana'),
(77, 'French Polynesia'),
(78, 'French Southern Territories'),
(79, 'Gabon'),
(80, 'Gambia'),
(81, 'Georgia'),
(82, 'Germany'),
(83, 'Ghana'),
(84, 'Gibraltar'),
(85, 'Greece'),
(86, 'Greenland'),
(87, 'Grenada'),
(88, 'Guadeloupe'),
(89, 'Guam'),
(90, 'Guatemala'),
(91, 'Guinea'),
(92, 'Guinea-Bissau'),
(93, 'Guyana'),
(94, 'Haiti'),
(95, 'Heard and Mc Donald Islands'),
(96, 'Holy See (Vatican City State)'),
(97, 'Honduras'),
(98, 'Hong Kong'),
(99, 'Hungary'),
(100, 'Iceland'),
(101, 'India'),
(102, 'Indonesia'),
(103, 'Iran (Islamic Republic of)'),
(104, 'Iraq'),
(105, 'Ireland'),
(106, 'Israel'),
(107, 'Italy'),
(108, 'Jamaica'),
(109, 'Japan'),
(110, 'Jordan'),
(111, 'Kazakhstan'),
(112, 'Kenya'),
(113, 'Kiribati'),
(114, 'Korea, Democratic People''s Republic of'),
(115, 'Korea, Republic of'),
(116, 'Kuwait'),
(117, 'Kyrgyzstan'),
(118, 'Lao, People''s Democratic Republic'),
(119, 'Latvia'),
(120, 'Lebanon'),
(121, 'Lesotho'),
(122, 'Liberia'),
(123, 'Libyan Arab Jamahiriya'),
(124, 'Liechtenstein'),
(125, 'Lithuania'),
(126, 'Luxembourg'),
(127, 'Macau'),
(128, 'Macedonia, The Former Yugoslav Republic of'),
(129, 'Madagascar'),
(130, 'Malawi'),
(131, 'Malaysia'),
(132, 'Maldives'),
(133, 'Mali'),
(134, 'Malta'),
(135, 'Marshall Islands'),
(136, 'Martinique'),
(137, 'Mauritania'),
(138, 'Mauritius'),
(139, 'Mayotte'),
(140, 'Mexico'),
(141, 'Micronesia, Federated States of'),
(142, 'Moldova, Republic of'),
(143, 'Monaco'),
(144, 'Mongolia'),
(145, 'Montserrat'),
(146, 'Morocco'),
(147, 'Mozambique'),
(148, 'Myanmar'),
(149, 'Namibia'),
(150, 'Nauru'),
(151, 'Nepal'),
(152, 'Netherlands'),
(153, 'Netherlands Antilles'),
(154, 'New Caledonia'),
(155, 'New Zealand'),
(156, 'Nicaragua'),
(157, 'Niger'),
(158, 'Nigeria'),
(159, 'Niue'),
(160, 'Norfolk Island'),
(161, 'Northern Mariana Islands'),
(162, 'Norway'),
(163, 'Oman'),
(164, 'Pakistan'),
(165, 'Palau'),
(166, 'Panama'),
(167, 'Papua New Guinea'),
(168, 'Paraguay'),
(169, 'Peru'),
(170, 'Philippines'),
(171, 'Pitcairn'),
(172, 'Poland'),
(173, 'Portugal'),
(174, 'Puerto Rico'),
(175, 'Qatar'),
(176, 'Reunion'),
(177, 'Romania'),
(178, 'Russian Federation'),
(179, 'Rwanda'),
(180, 'Saint Kitts and Nevis'),
(181, 'Saint Lucia'),
(182, 'Saint Vincent and the Grenadines'),
(183, 'Samoa'),
(184, 'San Marino'),
(185, 'Sao Tome and Principe'),
(186, 'Saudi Arabia'),
(187, 'Senegal'),
(188, 'Seychelles'),
(189, 'Sierra Leone'),
(190, 'Singapore'),
(191, 'Slovakia (Slovak Republic)'),
(192, 'Slovenia'),
(193, 'Solomon Islands'),
(194, 'Somalia'),
(195, 'South Africa'),
(196, 'South Georgia and the South Sandwich Islands'),
(197, 'Spain'),
(198, 'Sri Lanka'),
(199, 'St. Helena'),
(200, 'St. Pierre and Miquelon'),
(201, 'Sudan'),
(202, 'Suriname'),
(203, 'Svalbard and Jan Mayen Islands'),
(204, 'Swaziland'),
(205, 'Sweden'),
(206, 'Switzerland'),
(207, 'Syrian Arab Republic'),
(208, 'Taiwan, Province of China'),
(209, 'Tajikistan'),
(210, 'Tanzania, United Republic of'),
(211, 'Thailand'),
(212, 'Togo'),
(213, 'Tokelau'),
(214, 'Tonga'),
(215, 'Trinidad and Tobago'),
(216, 'Tunisia'),
(217, 'Turkey'),
(218, 'Turkmenistan'),
(219, 'Turks and Caicos Islands'),
(220, 'Tuvalu'),
(221, 'Uganda'),
(222, 'Ukraine'),
(223, 'United Arab Emirates'),
(224, 'United Kingdom'),
(225, 'United States'),
(226, 'United States Minor Outlying Islands'),
(227, 'Uruguay'),
(228, 'Uzbekistan'),
(229, 'Vanuatu'),
(230, 'Venezuela'),
(231, 'Vietnam'),
(232, 'Virgin Islands (British)'),
(233, 'Virgin Islands (U.S.)'),
(234, 'Wallis and Futuna Islands'),
(235, 'Western Sahara'),
(236, 'Yemen'),
(237, 'Yugoslavia'),
(238, 'Zambia'),
(239, 'Zimbabwe');

-- --------------------------------------------------------

--
-- Table structure for table `currency`
--

CREATE TABLE IF NOT EXISTS `currency` (
  `id` int(122) NOT NULL AUTO_INCREMENT,
  `country` varchar(59) DEFAULT NULL,
  `currency_code` varchar(15) DEFAULT NULL,
  PRIMARY KEY (`id`)
) ENGINE=InnoDB  DEFAULT CHARSET=utf8 AUTO_INCREMENT=431 ;

--
-- Dumping data for table `currency`
--

INSERT INTO `currency` (`id`, `country`, `currency_code`) VALUES
(2, 'AFGHANISTAN', 'AFN'),
(3, 'ÅLAND ISLANDS', 'EUR'),
(4, 'ALBANIA', 'ALL'),
(5, 'ALGERIA', 'DZD'),
(6, 'AMERICAN SAMOA', 'USD'),
(7, 'ANDORRA', 'EUR'),
(8, 'ANGOLA', 'AOA'),
(9, 'ANGUILLA', 'XCD'),
(11, 'ANTIGUA AND BARBUDA', 'XCD'),
(12, 'ARGENTINA', 'ARS'),
(13, 'ARMENIA', 'AMD'),
(14, 'ARUBA', 'AWG'),
(15, 'AUSTRALIA', 'AUD'),
(16, 'AUSTRIA', 'EUR'),
(17, 'AZERBAIJAN', 'AZN'),
(18, 'BAHAMAS', 'BSD'),
(19, 'BAHRAIN', 'BHD'),
(20, 'BANGLADESH', 'BDT'),
(21, 'BARBADOS', 'BBD'),
(22, 'BELARUS', 'BYR'),
(23, 'BELGIUM', 'EUR'),
(24, 'BELIZE', 'BZD'),
(25, 'BENIN', 'XOF'),
(26, 'BERMUDA', 'BMD'),
(27, 'BHUTAN', 'BTN'),
(28, 'BHUTAN', 'INR'),
(29, 'BOLIVIA, PLURINATIONAL STATE OF', 'BOB'),
(30, 'BOLIVIA, PLURINATIONAL STATE OF', 'BOV'),
(31, 'BONAIRE, SINT EUSTATIUS AND SABA', 'USD'),
(32, 'BOSNIA AND HERZEGOVINA', 'BAM'),
(33, 'BOTSWANA', 'BWP'),
(34, 'BOUVET ISLAND', 'NOK'),
(35, 'BRAZIL', 'BRL'),
(36, 'BRITISH INDIAN OCEAN TERRITORY', 'USD'),
(37, 'BRUNEI DARUSSALAM', 'BND'),
(38, 'BULGARIA', 'BGN'),
(39, 'BURKINA FASO', 'XOF'),
(40, 'BURUNDI', 'BIF'),
(41, 'CAMBODIA', 'KHR'),
(42, 'CAMEROON', 'XAF'),
(43, 'CANADA', 'CAD'),
(44, 'CAPE VERDE', 'CVE'),
(45, 'CAYMAN ISLANDS', 'KYD'),
(46, 'CENTRAL AFRICAN REPUBLIC', 'XAF'),
(47, 'CHAD', 'XAF'),
(48, 'CHILE', 'CLF'),
(49, 'CHILE', 'CLP'),
(50, 'CHINA', 'CNY'),
(51, 'CHRISTMAS ISLAND', 'AUD'),
(52, 'COCOS (KEELING) ISLANDS', 'AUD'),
(53, 'COLOMBIA', 'COP'),
(54, 'COLOMBIA', 'COU'),
(55, 'COMOROS', 'KMF'),
(56, 'CONGO', 'XAF'),
(57, 'CONGO, THE DEMOCRATIC REPUBLIC OF', 'CDF'),
(58, 'COOK ISLANDS', 'NZD'),
(59, 'COSTA RICA', 'CRC'),
(60, 'CÔTE D''IVOIRE', 'XOF'),
(61, 'CROATIA', 'HRK'),
(62, 'CUBA', 'CUC'),
(63, 'CUBA', 'CUP'),
(64, 'CURAÇAO', 'ANG'),
(65, 'CYPRUS', 'EUR'),
(66, 'CZECH REPUBLIC', 'CZK'),
(67, 'DENMARK', 'DKK'),
(68, 'DJIBOUTI', 'DJF'),
(69, 'DOMINICA', 'XCD'),
(70, 'DOMINICAN REPUBLIC', 'DOP'),
(71, 'ECUADOR', 'USD'),
(72, 'EGYPT', 'EGP'),
(73, 'EL SALVADOR', 'SVC'),
(74, 'EL SALVADOR', 'USD'),
(75, 'EQUATORIAL GUINEA', 'XAF'),
(76, 'ERITREA', 'ERN'),
(77, 'ESTONIA', 'EUR'),
(78, 'ETHIOPIA', 'ETB'),
(79, 'EUROPEAN UNION ', 'EUR'),
(80, 'FALKLAND ISLANDS (MALVINAS)', 'FKP'),
(81, 'FAROE ISLANDS', 'DKK'),
(82, 'FIJI', 'FJD'),
(83, 'FINLAND', 'EUR'),
(84, 'FRANCE', 'EUR'),
(85, 'FRENCH GUIANA', 'EUR'),
(86, 'FRENCH POLYNESIA', 'XPF'),
(87, 'FRENCH SOUTHERN TERRITORIES', 'EUR'),
(88, 'GABON', 'XAF'),
(89, 'GAMBIA', 'GMD'),
(90, 'GEORGIA', 'GEL'),
(91, 'GERMANY', 'EUR'),
(92, 'GHANA', 'GHS'),
(93, 'GIBRALTAR', 'GIP'),
(94, 'GREECE', 'EUR'),
(95, 'GREENLAND', 'DKK'),
(96, 'GRENADA', 'XCD'),
(97, 'GUADELOUPE', 'EUR'),
(98, 'GUAM', 'USD'),
(99, 'GUATEMALA', 'GTQ'),
(100, 'GUERNSEY', 'GBP'),
(101, 'GUINEA', 'GNF'),
(102, 'GUINEA-BISSAU', 'XOF'),
(103, 'GUYANA', 'GYD'),
(104, 'HAITI', 'HTG'),
(105, 'HAITI', 'USD'),
(106, 'HEARD ISLAND AND McDONALD ISLANDS', 'AUD'),
(107, 'HOLY SEE (VATICAN CITY STATE)', 'EUR'),
(108, 'HONDURAS', 'HNL'),
(109, 'HONG KONG', 'HKD'),
(110, 'HUNGARY', 'HUF'),
(111, 'ICELAND', 'ISK'),
(112, 'INDIA', 'INR'),
(113, 'INDONESIA', 'IDR'),
(114, 'INTERNATIONAL MONETARY FUND (IMF) ', 'XDR'),
(115, 'IRAN, ISLAMIC REPUBLIC OF', 'IRR'),
(116, 'IRAQ', 'IQD'),
(117, 'IRELAND', 'EUR'),
(118, 'ISLE OF MAN', 'GBP'),
(119, 'ISRAEL', 'ILS'),
(120, 'ITALY', 'EUR'),
(121, 'JAMAICA', 'JMD'),
(122, 'JAPAN', 'JPY'),
(123, 'JERSEY', 'GBP'),
(124, 'JORDAN', 'JOD'),
(125, 'KAZAKHSTAN', 'KZT'),
(126, 'KENYA', 'KES'),
(127, 'KIRIBATI', 'AUD'),
(128, 'KOREA, DEMOCRATIC PEOPLE’S REPUBLIC OF', 'KPW'),
(129, 'KOREA, REPUBLIC OF', 'KRW'),
(130, 'KUWAIT', 'KWD'),
(131, 'KYRGYZSTAN', 'KGS'),
(132, 'LAO PEOPLE’S DEMOCRATIC REPUBLIC', 'LAK'),
(133, 'LATVIA', 'LVL'),
(134, 'LEBANON', 'LBP'),
(135, 'LESOTHO', 'LSL'),
(136, 'LESOTHO', 'ZAR'),
(137, 'LIBERIA', 'LRD'),
(138, 'LIBYA', 'LYD'),
(139, 'LIECHTENSTEIN', 'CHF'),
(140, 'LITHUANIA', 'LTL'),
(141, 'LUXEMBOURG', 'EUR'),
(142, 'MACAO', 'MOP'),
(143, 'MACEDONIA, THE FORMER YUGOSLAV REPUBLIC OF', 'MKD'),
(144, 'MADAGASCAR', 'MGA'),
(145, 'MALAWI', 'MWK'),
(146, 'MALAYSIA', 'MYR'),
(147, 'MALDIVES', 'MVR'),
(148, 'MALI', 'XOF'),
(149, 'MALTA', 'EUR'),
(150, 'MARSHALL ISLANDS', 'USD'),
(151, 'MARTINIQUE', 'EUR'),
(152, 'MAURITANIA', 'MRO'),
(153, 'MAURITIUS', 'MUR'),
(154, 'MAYOTTE', 'EUR'),
(155, 'MEMBER COUNTRIES OF THE AFRICAN DEVELOPMENT BANK GROUP', 'XUA'),
(156, 'MEXICO', 'MXN'),
(157, 'MEXICO', 'MXV'),
(158, 'MICRONESIA, FEDERATED STATES OF', 'USD'),
(159, 'MOLDOVA, REPUBLIC OF', 'MDL'),
(160, 'MONACO', 'EUR'),
(161, 'MONGOLIA', 'MNT'),
(162, 'MONTENEGRO', 'EUR'),
(163, 'MONTSERRAT', 'XCD'),
(164, 'MOROCCO', 'MAD'),
(165, 'MOZAMBIQUE', 'MZN'),
(166, 'MYANMAR', 'MMK'),
(167, 'NAMIBIA', 'NAD'),
(168, 'NAMIBIA', 'ZAR'),
(169, 'NAURU', 'AUD'),
(170, 'NEPAL', 'NPR'),
(171, 'NETHERLANDS', 'EUR'),
(172, 'NEW CALEDONIA', 'XPF'),
(173, 'NEW ZEALAND', 'NZD'),
(174, 'NICARAGUA', 'NIO'),
(175, 'NIGER', 'XOF'),
(176, 'NIGERIA', 'NGN'),
(177, 'NIUE', 'NZD'),
(178, 'NORFOLK ISLAND', 'AUD'),
(179, 'NORTHERN MARIANA ISLANDS', 'USD'),
(180, 'NORWAY', 'NOK'),
(181, 'OMAN', 'OMR'),
(182, 'PAKISTAN', 'PKR'),
(183, 'PALAU', 'USD'),
(184, 'PALESTINIAN TERRITORY, OCCUPIED', ''),
(185, 'PANAMA', 'PAB'),
(186, 'PANAMA', 'USD'),
(187, 'PAPUA NEW GUINEA', 'PGK'),
(188, 'PARAGUAY', 'PYG'),
(189, 'PERU', 'PEN'),
(190, 'PHILIPPINES', 'PHP'),
(191, 'PITCAIRN', 'NZD'),
(192, 'POLAND', 'PLN'),
(193, 'PORTUGAL', 'EUR'),
(194, 'PUERTO RICO', 'USD'),
(195, 'QATAR', 'QAR'),
(196, 'RÉUNION', 'EUR'),
(197, 'ROMANIA', 'RON'),
(198, 'RUSSIAN FEDERATION', 'RUB'),
(199, 'RWANDA', 'RWF'),
(200, 'SAINT BARTHÉLEMY', 'EUR'),
(201, 'SAINT HELENA, ASCENSION AND TRISTAN DA CUNHA', 'SHP'),
(202, 'SAINT KITTS AND NEVIS', 'XCD'),
(203, 'SAINT LUCIA', 'XCD'),
(204, 'SAINT MARTIN (FRENCH PART)', 'EUR'),
(205, 'SAINT PIERRE AND MIQUELON', 'EUR'),
(206, 'SAINT VINCENT AND THE GRENADINES', 'XCD'),
(207, 'SAMOA', 'WST'),
(208, 'SAN MARINO', 'EUR'),
(209, 'SAO TOME AND PRINCIPE', 'STD'),
(210, 'SAUDI ARABIA', 'SAR'),
(211, 'SENEGAL', 'XOF'),
(212, 'SERBIA ', 'RSD'),
(213, 'SEYCHELLES', 'SCR'),
(214, 'SIERRA LEONE', 'SLL'),
(215, 'SINGAPORE', 'SGD'),
(216, 'SINT MAARTEN (DUTCH PART)', 'ANG'),
(217, 'SISTEMA UNITARIO DE COMPENSACION REGIONAL DE PAGOS "SUCRE" ', 'XSU'),
(218, 'SLOVAKIA', 'EUR'),
(219, 'SLOVENIA', 'EUR'),
(220, 'SOLOMON ISLANDS', 'SBD'),
(221, 'SOMALIA', 'SOS'),
(222, 'SOUTH AFRICA', 'ZAR'),
(223, 'SOUTH GEORGIA AND THE SOUTH SANDWICH ISLANDS', ''),
(224, 'SOUTH SUDAN', 'SSP'),
(225, 'SPAIN', 'EUR'),
(226, 'SRI LANKA', 'LKR'),
(227, 'SUDAN', 'SDG'),
(228, 'SURINAME', 'SRD'),
(229, 'SVALBARD AND JAN MAYEN', 'NOK'),
(230, 'SWAZILAND', 'SZL'),
(231, 'SWEDEN', 'SEK'),
(232, 'SWITZERLAND', 'CHE'),
(233, 'SWITZERLAND', 'CHF'),
(234, 'SWITZERLAND', 'CHW'),
(235, 'SYRIAN ARAB REPUBLIC', 'SYP'),
(236, 'TAIWAN, PROVINCE OF CHINA', 'TWD'),
(237, 'TAJIKISTAN', 'TJS'),
(238, 'TANZANIA, UNITED REPUBLIC OF', 'TZS'),
(239, 'THAILAND', 'THB'),
(240, 'TIMOR-LESTE', 'USD'),
(241, 'TOGO', 'XOF'),
(242, 'TOKELAU', 'NZD'),
(243, 'TONGA', 'TOP'),
(244, 'TRINIDAD AND TOBAGO', 'TTD'),
(245, 'TUNISIA', 'TND'),
(246, 'TURKEY', 'TRY'),
(247, 'TURKMENISTAN', 'TMT'),
(248, 'TURKS AND CAICOS ISLANDS', 'USD'),
(249, 'TUVALU', 'AUD'),
(250, 'UGANDA', 'UGX'),
(251, 'UKRAINE', 'UAH'),
(252, 'UNITED ARAB EMIRATES', 'AED'),
(253, 'UNITED KINGDOM', 'GBP'),
(254, 'UNITED STATES', 'USD'),
(255, 'UNITED STATES', 'USN'),
(256, 'UNITED STATES', 'USS'),
(257, 'UNITED STATES MINOR OUTLYING ISLANDS', 'USD'),
(258, 'URUGUAY', 'UYI'),
(259, 'URUGUAY', 'UYU'),
(260, 'UZBEKISTAN', 'UZS'),
(261, 'VANUATU', 'VUV'),
(262, 'Vatican City State (HOLY SEE)', 'EUR'),
(263, 'VENEZUELA, BOLIVARIAN REPUBLIC OF', 'VEF'),
(264, 'VIET NAM', 'VND'),
(265, 'VIRGIN ISLANDS (BRITISH)', 'USD'),
(266, 'VIRGIN ISLANDS (US)', 'USD'),
(267, 'WALLIS AND FUTUNA', 'XPF'),
(268, 'WESTERN SAHARA', 'MAD'),
(269, 'YEMEN', 'YER'),
(270, 'ZAMBIA', 'ZMK'),
(271, 'ZIMBABWE', 'ZWL'),
(272, 'ZZ01_Bond Markets Unit European_EURCO', 'XBA'),
(273, 'ZZ02_Bond Markets Unit European_EMU-6', 'XBB'),
(274, 'ZZ03_Bond Markets Unit European_EUA-9', 'XBC'),
(275, 'ZZ04_Bond Markets Unit European_EUA-17', 'XBD'),
(276, 'ZZ05_UIC-Franc', 'XFU'),
(277, 'ZZ06_Testing_Code', 'XTS'),
(278, 'ZZ07_No_Currency', 'XXX'),
(279, 'ZZ08_Gold', 'XAU'),
(280, 'ZZ09_Palladium', 'XPD'),
(281, 'ZZ10_Platinum', 'XPT'),
(282, 'ZZ11_Silver', 'XAG'),
(283, 'AFGHANISTAN', 'AFA'),
(284, 'ÅLAND ISLANDS', 'FIM'),
(285, 'ALBANIA', 'ALK'),
(286, 'ANDORRA', 'ADP'),
(287, 'ANDORRA', 'ESP'),
(288, 'ANDORRA', 'FRF'),
(289, 'ANGOLA', 'AOK'),
(290, 'ANGOLA', 'AON'),
(291, 'ANGOLA', 'AOR'),
(292, 'ARGENTINA', 'ARA'),
(293, 'ARGENTINA', 'ARP'),
(294, 'ARGENTINA', 'ARY'),
(295, 'ARMENIA', 'RUR'),
(296, 'AUSTRIA', 'ATS'),
(297, 'AZERBAIJAN', 'AYM'),
(298, 'AZERBAIJAN', 'AZM'),
(299, 'AZERBAIJAN', 'RUR'),
(300, 'BELARUS', 'BYB'),
(301, 'BELARUS', 'RUR'),
(302, 'BELGIUM', 'BEC'),
(303, 'BELGIUM', 'BEF'),
(304, 'BELGIUM', 'BEL'),
(305, 'BOLIVIA', 'BOP'),
(306, 'BOSNIA AND HERZEGOVINA', 'BAD'),
(307, 'BRAZIL', 'BRB'),
(308, 'BRAZIL', 'BRC'),
(309, 'BRAZIL', 'BRE'),
(310, 'BRAZIL', 'BRN'),
(311, 'BRAZIL', 'BRR'),
(312, 'BULGARIA', 'BGJ'),
(313, 'BULGARIA', 'BGK'),
(314, 'BULGARIA', 'BGL'),
(315, 'BURMA ', 'BUK'),
(316, 'CHINA', 'CNX'),
(317, 'CROATIA', 'HRD'),
(318, 'CYPRUS', 'CYP'),
(319, 'CZECHOSLOVAKIA', 'CSJ'),
(320, 'CZECHOSLOVAKIA', 'CSK'),
(321, 'ECUADOR', 'ECS'),
(322, 'ECUADOR', 'ECV'),
(323, 'EQUATORIAL GUINEA', 'EQE'),
(324, 'EQUATORIAL GUINEA', 'GQE'),
(325, 'ESTONIA', 'EEK '),
(326, 'EUROPEAN MONETARY CO-OPERATION FUND (EMCF) ', 'XEU '),
(327, 'FINLAND', 'FIM'),
(328, 'FRANCE', 'FRF'),
(329, 'FRENCH  GUIANA', 'FRF'),
(330, 'FRENCH SOUTHERN TERRITORIES', 'FRF'),
(331, 'GEORGIA', 'GEK'),
(332, 'GEORGIA', 'RUR'),
(333, 'GERMAN DEMOCRATIC REPUBLIC', 'DDM'),
(334, 'GERMANY', 'DEM'),
(335, 'GHANA', 'GHC'),
(336, 'GHANA', 'GHP'),
(337, 'GREECE', 'GRD'),
(338, 'GUADELOUPE', 'FRF'),
(339, 'GUINEA', 'GNE'),
(340, 'GUINEA', 'GNS'),
(341, 'GUINEA-BISSAU', 'GWE'),
(342, 'GUINEA-BISSAU', 'GWP'),
(343, 'HOLY SEE (VATICAN CITY STATE)', 'ITL'),
(344, 'ICELAND', 'ISJ'),
(345, 'IRELAND', 'IEP'),
(346, 'ISRAEL', 'ILP'),
(347, 'ISRAEL', 'ILR'),
(348, 'ITALY', 'ITL'),
(349, 'KAZAKHSTAN', 'RUR'),
(350, 'KYRGYZSTAN', 'RUR'),
(351, 'LAO', 'LAJ'),
(352, 'LATVIA', 'LVR'),
(353, 'LESOTHO', 'LSM'),
(354, 'LESOTHO', 'ZAL'),
(355, 'LITHUANIA', 'LTT'),
(356, 'LUXEMBOURG', 'LUC'),
(357, 'LUXEMBOURG', 'LUF'),
(358, 'LUXEMBOURG', 'LUL'),
(359, 'MADAGASCAR', 'MGF'),
(360, 'MALDIVES', 'MVQ'),
(361, 'MALI', 'MAF'),
(362, 'MALI', 'MLF'),
(363, 'MALTA', 'MTL'),
(364, 'MALTA', 'MTP'),
(365, 'MARTINIQUE', 'FRF'),
(366, 'MAYOTTE', 'FRF'),
(367, 'MEXICO', 'MXP'),
(368, 'MOLDOVA, REPUBLIC OF', 'RUR'),
(369, 'MONACO', 'FRF'),
(370, 'MOZAMBIQUE', 'MZE'),
(371, 'MOZAMBIQUE', 'MZM'),
(372, 'NETHERLANDS', 'NLG'),
(373, 'NETHERLANDS ANTILLES', 'ANG'),
(374, 'NICARAGUA', 'NIC'),
(375, 'PERU', 'PEH'),
(376, 'PERU', 'PEI'),
(377, 'PERU', 'PES'),
(378, 'POLAND', 'PLZ'),
(379, 'PORTUGAL', 'PTE'),
(380, 'RÉUNION', 'FRF'),
(381, 'ROMANIA', 'ROK'),
(382, 'ROMANIA', 'ROL'),
(383, 'RUSSIAN FEDERATION', 'RUR'),
(384, 'SAINT MARTIN', 'FRF'),
(385, 'SAINT PIERRE AND MIQUELON', 'FRF'),
(386, 'SAINT-BARTHÉLEMY', 'FRF'),
(387, 'SAN MARINO', 'ITL'),
(388, 'SERBIA AND MONTENEGRO', 'CSD'),
(389, 'SERBIA AND MONTENEGRO', 'EUR '),
(390, 'SLOVAKIA', 'SKK'),
(391, 'SLOVENIA', 'SIT'),
(392, 'SOUTH AFRICA', 'ZAL'),
(393, 'SOUTHERN RHODESIA ', 'RHD'),
(394, 'SPAIN', 'ESA'),
(395, 'SPAIN', 'ESB'),
(396, 'SPAIN', 'ESP'),
(397, 'SUDAN', 'SDD'),
(398, 'SUDAN', 'SDP'),
(399, 'SURINAME', 'SRG'),
(400, 'SWITZERLAND', 'CHC'),
(401, 'TAJIKISTAN', 'RUR'),
(402, 'TAJIKISTAN', 'TJR'),
(403, 'TIMOR-LESTE', 'IDR'),
(404, 'TIMOR-LESTE', 'TPE'),
(405, 'TURKEY', 'TRL'),
(406, 'TURKEY', 'TRY'),
(407, 'TURKMENISTAN', 'RUR'),
(408, 'TURKMENISTAN', 'TMM'),
(409, 'UGANDA', 'UGS'),
(410, 'UGANDA', 'UGW'),
(411, 'UKRAINE', 'UAK'),
(412, 'UNION OF SOVIET SOCIALIST REPUBLICS', 'SUR'),
(413, 'URUGUAY', 'UYN'),
(414, 'URUGUAY', 'UYP'),
(415, 'UZBEKISTAN', 'RUR'),
(416, 'VENEZUELA', 'VEB'),
(417, 'VIETNAM', 'VNC'),
(418, 'YEMEN, DEMOCRATIC', 'YDD'),
(419, 'YUGOSLAVIA', 'YUD'),
(420, 'YUGOSLAVIA', 'YUM'),
(421, 'YUGOSLAVIA', 'YUN'),
(422, 'ZAIRE', 'ZRN'),
(423, 'ZAIRE', 'ZRZ'),
(424, 'ZIMBABWE', 'ZWC'),
(425, 'ZIMBABWE', 'ZWD'),
(426, 'ZIMBABWE', 'ZWD'),
(427, 'ZIMBABWE', 'ZWN'),
(428, 'ZIMBABWE', 'ZWR'),
(429, 'ZZ01_Gold-Franc', 'XFO'),
(430, 'ZZ02_RINET Funds Code', 'XRE');

-- --------------------------------------------------------

--
-- Table structure for table `description`
--

CREATE TABLE IF NOT EXISTS `description` (
  `description_id` int(11) NOT NULL AUTO_INCREMENT,
  `property_code` int(20) NOT NULL,
  `description_title` varchar(500) CHARACTER SET utf8 COLLATE utf8_unicode_ci NOT NULL,
  `description_detail` text CHARACTER SET utf8 COLLATE utf8_unicode_ci NOT NULL,
  `description_rule` varchar(500) CHARACTER SET utf8 COLLATE utf8_unicode_ci NOT NULL,
  `lang` varchar(10) CHARACTER SET utf8 COLLATE utf8_unicode_ci NOT NULL,
  `datetime_update` datetime DEFAULT NULL,
  PRIMARY KEY (`description_id`)
) ENGINE=InnoDB  DEFAULT CHARSET=latin1 AUTO_INCREMENT=7 ;

--
-- Dumping data for table `description`
--

INSERT INTO `description` (`description_id`, `property_code`, `description_title`, `description_detail`, `description_rule`, `lang`, `datetime_update`) VALUES
(6, 2464297, 'Hotel_Bigley', 'Hotel Bigley is the universe''s biggest hotel. Any and all former Super Smash Bros. Series Community members are allowed to stay for free forever. It is located in Bigley Island in Miiverse City.', ' Le Miiverse Resource Wiki\r\nOn the Wiki\r\nWiki Activity\r\nRandom page\r\nVideos\r\nPhotos\r\nChat\r\nForum\r\nATTENTION!\r\nMiiverse Content\r\nWiki Community\r\n Contribute  Watchlist Random page Recent changes\r\nHotel Bigley\r\n   \r\n1,398PAGES ON\r\nTHIS WIKI Edit    Comments38\r\nHotel\r\nHotels\r\nHotel Bigley\r\nHotel Bigley is the universe''s biggest hotel. Any and all former Super Smash Bros. Series Community members are allowed to stay for free forever. It is located in Bigley Island in Miiverse City.\r\n\r\nContents[sho', '0', '2015-10-29 08:57:23');

-- --------------------------------------------------------

--
-- Table structure for table `facilities`
--

CREATE TABLE IF NOT EXISTS `facilities` (
  `facilities_id` int(10) NOT NULL AUTO_INCREMENT,
  `value` varchar(200) NOT NULL,
  PRIMARY KEY (`facilities_id`)
) ENGINE=InnoDB  DEFAULT CHARSET=utf8 AUTO_INCREMENT=14 ;

--
-- Dumping data for table `facilities`
--

INSERT INTO `facilities` (`facilities_id`, `value`) VALUES
(1, 'Essentials'),
(2, 'TV'),
(3, 'Cable TV'),
(4, 'Air Conditioning'),
(5, 'Heating'),
(6, 'Kitchen'),
(7, 'Internet'),
(8, 'Wireless Internet'),
(10, 'gdfgdfg'),
(11, 'gdfgdfg'),
(12, 'ssss'),
(13, 'ssss');

-- --------------------------------------------------------

--
-- Table structure for table `features`
--

CREATE TABLE IF NOT EXISTS `features` (
  `features_id` int(10) NOT NULL AUTO_INCREMENT,
  `value` varchar(200) NOT NULL,
  PRIMARY KEY (`features_id`)
) ENGINE=InnoDB  DEFAULT CHARSET=utf8 AUTO_INCREMENT=13 ;

--
-- Dumping data for table `features`
--

INSERT INTO `features` (`features_id`, `value`) VALUES
(1, 'Family/Kid Friendly'),
(2, 'Smoking Allowed'),
(3, 'Suitable for Events'),
(4, 'Pets Allowed'),
(5, 'Pets live on this property'),
(6, 'Wheelchair Accessible'),
(7, 'test'),
(8, 'aaa'),
(9, 'fsdfsd'),
(10, 'sss'),
(11, 'bbbb'),
(12, 'aaa');

-- --------------------------------------------------------

--
-- Table structure for table `geography`
--

CREATE TABLE IF NOT EXISTS `geography` (
  `GEO_ID` int(5) NOT NULL AUTO_INCREMENT,
  `GEO_NAME` varchar(255) COLLATE utf8_unicode_ci NOT NULL,
  `GEO_NAME_EN` varchar(255) COLLATE utf8_unicode_ci NOT NULL,
  PRIMARY KEY (`GEO_ID`)
) ENGINE=MyISAM  DEFAULT CHARSET=utf8 COLLATE=utf8_unicode_ci AUTO_INCREMENT=7 ;

--
-- Dumping data for table `geography`
--

INSERT INTO `geography` (`GEO_ID`, `GEO_NAME`, `GEO_NAME_EN`) VALUES
(1, 'ภาคเหนือ', 'Northern'),
(2, 'ภาคกลาง', 'Central'),
(3, 'ภาคตะวันออกเฉียงเหนือ', 'North Eastern '),
(4, 'ภาคตะวันตก', 'West'),
(5, 'ภาคตะวันออก', 'East'),
(6, 'ภาคใต้', 'Southern');

-- --------------------------------------------------------

--
-- Table structure for table `inbox`
--

CREATE TABLE IF NOT EXISTS `inbox` (
  `inbox_id` int(11) NOT NULL AUTO_INCREMENT,
  `property_code` int(20) NOT NULL,
  `inbox_title` varchar(255) CHARACTER SET utf8 COLLATE utf8_unicode_ci NOT NULL,
  `inbox_detail` text CHARACTER SET utf8 COLLATE utf8_unicode_ci NOT NULL,
  `status` int(2) NOT NULL DEFAULT '0',
  `type` enum('inbox','send') CHARACTER SET utf8 COLLATE utf8_unicode_ci NOT NULL,
  `datetime_update` datetime DEFAULT NULL,
  PRIMARY KEY (`inbox_id`)
) ENGINE=InnoDB  DEFAULT CHARSET=latin1 AUTO_INCREMENT=43 ;

--
-- Dumping data for table `inbox`
--

INSERT INTO `inbox` (`inbox_id`, `property_code`, `inbox_title`, `inbox_detail`, `status`, `type`, `datetime_update`) VALUES
(19, 2464297, 'Test to annouce message to all partners', 'Hello , \nAll welcome partners, please enjoy to using our website.\n\nThanks', 1, 'inbox', '2015-12-21 08:11:12'),
(20, 24642970, 'Test to annouce message to all partners', 'Hello , \nAll welcome partners, please enjoy to using our website.\n\nThanks', 0, 'inbox', NULL),
(21, 24642973, 'Test to annouce message to all partners', 'Hello , \nAll welcome partners, please enjoy to using our website.\n\nThanks', 0, 'inbox', NULL),
(22, 24642975, 'Test to annouce message to all partners', 'Hello , \nAll welcome partners, please enjoy to using our website.\n\nThanks', 0, 'inbox', NULL),
(23, 8, 'Test to annouce message to all partners', 'Hello , \nAll welcome partners, please enjoy to using our website.\n\nThanks', 0, 'inbox', NULL),
(24, 1222991, 'Test to annouce message to all partners', 'Hello , \nAll welcome partners, please enjoy to using our website.\n\nThanks', 0, 'inbox', NULL),
(25, 1222992, 'Test to annouce message to all partners', 'Hello , \nAll welcome partners, please enjoy to using our website.\n\nThanks', 0, 'inbox', NULL),
(26, 13, 'Test to annouce message to all partners', 'Hello , \nAll welcome partners, please enjoy to using our website.\n\nThanks', 0, 'inbox', NULL),
(27, 1, 'Test to annouce message to all partners', 'Hello , \nAll welcome partners, please enjoy to using our website.\n\nThanks', 0, 'inbox', NULL),
(28, 10, 'Test to annouce message to all partners', 'Hello , \nAll welcome partners, please enjoy to using our website.\n\nThanks', 0, 'inbox', NULL),
(29, 15, 'Test to annouce message to all partners', 'Hello , \nAll welcome partners, please enjoy to using our website.\n\nThanks', 0, 'inbox', NULL),
(30, 2464297, 'dasdasd', '0', 2, 'send', '2015-12-21 06:56:30'),
(31, 2464297, 'dasdasd', '0', 2, 'send', '2015-12-21 07:00:34'),
(32, 2464297, '0asdasdas', '0', 2, 'send', '2015-12-21 07:01:06'),
(33, 2464297, '0', '0', 2, 'send', '2015-12-21 07:01:22'),
(34, 2464297, '0', '0', 2, 'send', '2015-12-21 07:04:18'),
(35, 2464297, '0', '0', 2, 'send', '2015-12-21 07:05:18'),
(36, 2464297, '0', '0', 2, 'send', '2015-12-21 07:05:21'),
(37, 2464297, '0', '0', 2, 'send', '2015-12-21 07:06:08'),
(38, 2464297, '0', '0', 2, 'send', '2015-12-21 07:07:42'),
(39, 2464297, '0', '0', 2, 'send', '2015-12-21 08:07:58'),
(40, 2464297, 'fsdf', 'sdfsdf', 2, 'send', '2015-12-21 08:09:29'),
(41, 2464297, '[urgenn] admin please help !!!', 'I need this help about inbox problem , please contact.', 2, 'send', '2015-12-21 08:10:13'),
(42, 24642970, 'Admin Need help', 'I cannot change my password', 1, 'send', '2015-12-26 22:52:02');

-- --------------------------------------------------------

--
-- Table structure for table `inbox_broadcast`
--

CREATE TABLE IF NOT EXISTS `inbox_broadcast` (
  `id` int(100) NOT NULL AUTO_INCREMENT,
  `msg_subject` varchar(200) NOT NULL,
  `msg_detail` text NOT NULL,
  `status` varchar(10) NOT NULL DEFAULT 'new' COMMENT '''new'',''sent''',
  `created` varchar(100) NOT NULL,
  PRIMARY KEY (`id`)
) ENGINE=InnoDB  DEFAULT CHARSET=utf8 AUTO_INCREMENT=7 ;

--
-- Dumping data for table `inbox_broadcast`
--

INSERT INTO `inbox_broadcast` (`id`, `msg_subject`, `msg_detail`, `status`, `created`) VALUES
(5, 'Test to annouce message to all partners', 'Hello , \nAll welcome partners, please enjoy to using our website.\n\nThanks', 'sent', '2015-12-20 18:11:47'),
(6, 'ดหดหกดหก', 'ดหกดหกด', 'new', '2015-12-21 06:55:57');

-- --------------------------------------------------------

--
-- Table structure for table `item_category`
--

CREATE TABLE IF NOT EXISTS `item_category` (
  `item_category_id` int(11) NOT NULL AUTO_INCREMENT,
  `property_code` int(20) NOT NULL,
  `cat_id` int(11) DEFAULT NULL,
  `datetime_update` datetime DEFAULT NULL,
  PRIMARY KEY (`item_category_id`)
) ENGINE=InnoDB  DEFAULT CHARSET=latin1 AUTO_INCREMENT=350 ;

-- --------------------------------------------------------

--
-- Table structure for table `item_image`
--

CREATE TABLE IF NOT EXISTS `item_image` (
  `item_image_id` int(11) NOT NULL AUTO_INCREMENT,
  `property_code` int(20) NOT NULL,
  `ref_code` varchar(10) DEFAULT NULL,
  `image` varchar(255) CHARACTER SET utf8 COLLATE utf8_unicode_ci NOT NULL,
  `uuid` varchar(100) DEFAULT NULL,
  `cover` int(2) NOT NULL,
  `datetime_update` datetime DEFAULT NULL,
  PRIMARY KEY (`item_image_id`)
) ENGINE=InnoDB  DEFAULT CHARSET=latin1 AUTO_INCREMENT=29 ;

--
-- Dumping data for table `item_image`
--

INSERT INTO `item_image` (`item_image_id`, `property_code`, `ref_code`, `image`, `uuid`, `cover`, `datetime_update`) VALUES
(1, 24642970, 'YAYa30DXRD', 'c23df3ded90542a9af5c9d5a2a5a0f74.jpg', '15e884da-22cc-48b0-8837-e8c7715b95c2', 0, '2015-12-26 21:59:44'),
(2, 24642970, 'YAYa30DXRD', 'ff4d416c5103401c970dc1dbb09a0ec3.jpg', '8d234550-bd8e-4231-ad6b-0674b69e7167', 1, '2015-12-26 21:59:44'),
(3, 24642970, 'YAYa30DXRD', '7f9cf38eb33c4101972965ab8ad5b0fc.jpg', 'f9c050d9-1752-4e40-a090-0ba4d045be21', 0, '2015-12-26 21:59:44'),
(17, 2464297, 'MZHGYFRWqz', '42902b8e4b9c47a7a3106366f57e3876.jpg', 'b4180cd1-85b3-44f4-a7c4-5390596a39f6', 1, '2015-12-27 09:13:48'),
(18, 2464297, 'MZHGYFRWqz', 'c97d6e1d1381441b9c0df6a2cdc1e326.jpg', '71e7fe79-e296-4d29-acb7-6199efe7aca8', 0, '2015-12-27 09:13:48'),
(20, 2464297, 'MZHGYFRWqz', 'c97d6e1d1381441b9c0df6a2cdc1e326.jpg', '955ba983-3a05-4981-afd2-e76366d63be3', 0, '2015-12-27 09:23:49'),
(21, 2464297, '1', 'c97d6e1d1381441b9c0df6a2cdc1e326.jpg', '955ba983-3a05-4981-afd2-e76366d63be3', 1, '2015-12-27 09:23:49'),
(22, 2464297, '2', 'c97d6e1d1381441b9c0df6a2cdc1e326.jpg', '955ba983-3a05-4981-afd2-e76366d63be3', 1, '2015-12-27 09:23:49'),
(23, 2464297, '3', 'c97d6e1d1381441b9c0df6a2cdc1e326.jpg', '955ba983-3a05-4981-afd2-e76366d63be3', 1, '2015-12-27 09:23:49'),
(24, 2464297, 'Am3LZuNTHZ', '76e9611cccf4423e8232bb7686073abb.jpg', 'c9fc068f-96ba-4083-853a-bd529f696926', 0, '2015-12-27 10:16:59'),
(25, 2464297, 'Am3LZuNTHZ', 'dbe476d43859411a9661443da00e3bcc.jpg', 'f9fab10c-e559-4491-94f8-5c3024f2a70c', 0, '2015-12-27 10:16:59'),
(26, 2464297, 'T0O2STyrYo', 'ff4d416c5103401c970dc1dbb09a0ec3.jpg', '50565ffc-944c-415a-a449-1fadc0f4a39a', 1, '2015-12-27 10:17:15'),
(27, 2464297, 'T0O2STyrYo', '7f9cf38eb33c4101972965ab8ad5b0fc.jpg', 'b3f48df4-4a3c-4ee4-9493-3127b7d4ab24', 0, '2015-12-27 10:17:15');

-- --------------------------------------------------------

--
-- Table structure for table `item_info`
--

CREATE TABLE IF NOT EXISTS `item_info` (
  `item_info_id` int(11) NOT NULL AUTO_INCREMENT,
  `item_info_name` varchar(200) DEFAULT NULL,
  `item_id` int(11) DEFAULT NULL,
  PRIMARY KEY (`item_info_id`),
  KEY `item_info_id` (`item_info_id`)
) ENGINE=InnoDB  DEFAULT CHARSET=utf8 AUTO_INCREMENT=111 ;

--
-- Dumping data for table `item_info`
--

INSERT INTO `item_info` (`item_info_id`, `item_info_name`, `item_id`) VALUES
(1, 'Air Conditioning ', 1),
(2, 'Balcony/Terrace ', 1),
(3, 'Bathtub', 1),
(4, 'Bath Tub with Shower', 1),
(5, 'Cable / Satellite TV', 1),
(6, 'Complimentary bottle water', 1),
(7, 'Dressing table', 1),
(8, 'Fridge ', 1),
(9, 'FAN', 1),
(10, 'Heating', 1),
(11, 'Hair dryer ', 1),
(12, 'Internet ', 1),
(13, 'Jacuzzi', 1),
(14, 'Kettle ', 1),
(15, 'Kitchen', 1),
(16, 'Mini bar and coffee or tea', 1),
(17, 'Non – Smoking Room ', 1),
(18, 'Private pool / Pool Access', 1),
(19, 'Safety box', 1),
(20, 'Security Keycard', 1),
(21, 'Smoking Room ', 1),
(22, 'Shower,Rainfall ', 1),
(23, 'TV', 1),
(24, 'VCD/DVD Player', 1),
(25, 'Wardrobe ', 1),
(26, 'WIFI Free', 1),
(27, 'WIFI ( Charge)', 1),
(28, 'Wooden Floor ', 1),
(29, 'Tiled Floor', 1),
(30, 'Carpet Floor', 1),
(31, '24 hours Room Services', 2),
(32, 'Airport pick up ', 2),
(33, 'Bar/Pub/Night Club ', 2),
(34, 'Beachfront ', 2),
(35, 'Beauty Salon', 2),
(36, 'Bicycle Rental', 2),
(37, 'Business Center', 2),
(38, 'Cable / Satellite TV', 2),
(39, 'Coffee Shop', 2),
(40, 'Disable Access', 2),
(41, 'Elevator in building ', 2),
(42, 'Entertainment (Game room) ', 2),
(43, 'Fitness Room', 2),
(44, 'Indoor Swimming Pool ', 2),
(45, 'Internet Access ', 2),
(46, 'Laundry', 2),
(47, 'Luggage Storage ', 2),
(48, 'Near BTS Transportation ', 2),
(49, 'Near MRT Transportation ', 2),
(50, 'Near Airport ', 2),
(51, 'Parking Available', 2),
(52, 'Pet allowed (property condition agreement)', 2),
(53, 'Play Ground', 2),
(54, 'Room service', 2),
(55, 'Restaurant', 2),
(56, 'Swimming Pool', 2),
(57, 'Sport Club / Gym', 2),
(58, 'Spa and Message ', 2),
(59, 'WIFI (Free) ', 2),
(60, 'WIFI (Charge) ', 2),
(61, 'ก๋วยเตี๋ยว', 4),
(62, 'ร้านไอศครีม', 4),
(63, 'ของหวาน', 4),
(64, 'ซูชิ', 4),
(65, 'น้ำผลไม้ เครื่องดื่ม ชานมไข่มุก', 4),
(66, 'บุฟเฟ่ต์', 4),
(67, 'พิซซ่า', 4),
(68, 'ราเมง', 4),
(69, 'สุกี้ ชาบู', 4),
(70, 'สเต็ก', 4),
(71, 'หมูกระทะ', 4),
(72, 'อาหารจานเดียว ตามสั่ง', 4),
(73, 'อาหารทะเล', 4),
(74, 'อาหารมังสวิรัติ', 4),
(75, 'อาหารเช้า', 4),
(76, 'อาหารเพื่อสุขภาพ', 4),
(77, 'เนื้อย่าง บาร์บีคิว', 4),
(78, 'เบเกอรี่ เค้ก', 4),
(79, 'กึ่งผับ/บาร์', 4),
(80, 'คาราโอเกะ', 4),
(82, 'ร้านในโรงแรม', 4),
(83, 'อาหารญี่ปุ่น', 4),
(84, 'อาหารนานาชาติ', 4),
(86, 'อาหารฝรั่งเศส', 4),
(87, 'Pool Villa', 5),
(88, 'Pool Villa', 5),
(89, 'Mountain view', 0),
(90, '  beach front', 5),
(91, 'Golf Club', 5),
(92, 'BTS / MRT Airport link', 5),
(93, 'Boutique Hotel', 5),
(94, 'Green Hotel', 5),
(95, 'Therapeutic /health and wellness', 5),
(96, 'Adventure / natural', 5),
(97, 'City area', 5),
(98, 'Shopping Area ', 5),
(99, 'ท่องเที่ยวธรรมชาติ', 6),
(100, 'ท่องเที่ยวภูเขา', 6),
(101, 'ท่องเที่ยวทะเล', 6),
(102, 'ท่องเที่ยวกางเต้น', 6),
(103, 'ท่องเที่ยวริมแม่น้ำ', 6),
(104, 'ท่องเที่ยวภาคเหนือ', 6),
(105, 'กิจกรรมทางทะเล', 7),
(106, 'กิจกรรมทางอากาศ', 7),
(107, 'ดำน้ำ', 7),
(108, 'เดินป่า ชมธรรมชาติ', 7),
(109, 'ปีนหน้าผา', 7),
(110, 'ชมหิงห้อย', 7);

-- --------------------------------------------------------

--
-- Table structure for table `item_type`
--

CREATE TABLE IF NOT EXISTS `item_type` (
  `item_id` int(10) NOT NULL AUTO_INCREMENT,
  `item_name` varchar(200) NOT NULL,
  PRIMARY KEY (`item_id`)
) ENGINE=InnoDB  DEFAULT CHARSET=utf8 AUTO_INCREMENT=8 ;

--
-- Dumping data for table `item_type`
--

INSERT INTO `item_type` (`item_id`, `item_name`) VALUES
(1, 'Room Amenities'),
(2, 'Property Amentities'),
(3, 'Features'),
(4, 'Dining out search'),
(5, 'Search catergory'),
(6, 'LocalPackage'),
(7, 'Thing-to-do');

-- --------------------------------------------------------

--
-- Table structure for table `keyword_search`
--

CREATE TABLE IF NOT EXISTS `keyword_search` (
  `id` int(10) NOT NULL AUTO_INCREMENT,
  `keyword` varchar(255) NOT NULL,
  PRIMARY KEY (`id`)
) ENGINE=InnoDB  DEFAULT CHARSET=utf8 AUTO_INCREMENT=2 ;

--
-- Dumping data for table `keyword_search`
--

INSERT INTO `keyword_search` (`id`, `keyword`) VALUES
(1, 'ท่องเที่ยวภูเขา');

-- --------------------------------------------------------

--
-- Table structure for table `language`
--

CREATE TABLE IF NOT EXISTS `language` (
  `language_id` int(11) NOT NULL,
  `language_display` int(11) NOT NULL,
  `language_text` text COLLATE utf8_unicode_ci NOT NULL,
  `language_short` text COLLATE utf8_unicode_ci NOT NULL,
  PRIMARY KEY (`language_id`,`language_display`)
) ENGINE=MyISAM DEFAULT CHARSET=utf8 COLLATE=utf8_unicode_ci;

--
-- Dumping data for table `language`
--

INSERT INTO `language` (`language_id`, `language_display`, `language_text`, `language_short`) VALUES
(0, 0, 'English', 'en'),
(1, 0, 'German', 'de'),
(2, 0, 'Thai', 'th'),
(3, 0, 'Japanese', 'jp'),
(4, 0, 'Chinese', 'cn'),
(5, 0, 'Taiwan', 'tw'),
(6, 0, 'Italian', 'it'),
(7, 0, 'French', 'fr'),
(8, 0, 'Denmark', 'da'),
(9, 0, 'Netherland', 'nl'),
(10, 0, 'Belgium', 'be'),
(11, 0, 'Swedish', 'se'),
(12, 0, 'Romania', 'ro'),
(13, 0, 'Norway', 'no'),
(14, 0, 'Finnish', 'fi'),
(15, 0, 'Greek', 'gr'),
(16, 0, 'Hebrew', 'il'),
(17, 0, 'Vietnam', 'vn'),
(18, 0, 'Indonesia', 'in'),
(19, 0, 'Russia', 'ru'),
(20, 0, 'Portugese', 'Pt'),
(21, 0, 'Spanish', 'es'),
(23, 0, 'Korean', 'kr'),
(36, 0, 'Arabic', 'ar'),
(42, 0, 'Bulgarian', 'bg'),
(43, 0, 'Serbian', 'sr'),
(44, 0, 'Albanian', 'al'),
(0, 2, 'อังกฤษ', ''),
(1, 2, 'เยอรมัน', ''),
(2, 2, 'ไทย', ''),
(3, 2, 'ญี่ปุ่น', ''),
(4, 2, 'จีน', ''),
(5, 2, 'ใต้หวัน', ''),
(6, 2, 'อิตาเลียน', ''),
(7, 2, 'ฝรั่งเศส', ''),
(8, 2, 'เดนมาร์ก', ''),
(9, 2, 'เนเธอร์แลนด์', ''),
(10, 2, 'เบลเยี่ยม', ''),
(11, 2, 'สวีเดน', ''),
(12, 2, 'โรมาเนีย', ''),
(13, 2, 'นอร์เวย์', ''),
(14, 2, 'ฟินแลนด์', ''),
(15, 2, 'กรีก', ''),
(16, 2, 'ฮิบบรู', 'il'),
(17, 2, 'เวียดนาม', ''),
(18, 2, 'อินโดนีเซีย', ''),
(19, 2, 'รัสเซีย', ''),
(20, 2, 'โปรตุเกส', ''),
(21, 2, 'สเปน', ''),
(23, 2, 'เกาหลี', ''),
(36, 2, 'อารบิค', 'ar'),
(42, 2, 'บัลแกเรียน', 'bg'),
(43, 2, 'เซอร์เบียน', 'sr'),
(44, 2, 'อัลบาเนียน', 'al'),
(46, 0, 'Latvian', 'lv'),
(46, 2, 'ลัตเวีย', 'lv');

-- --------------------------------------------------------

--
-- Table structure for table `member`
--

CREATE TABLE IF NOT EXISTS `member` (
  `id` int(10) NOT NULL AUTO_INCREMENT,
  `username` varchar(100) NOT NULL,
  `lastname` varchar(100) NOT NULL,
  `email` varchar(100) NOT NULL,
  `user_token` text NOT NULL,
  `password` varchar(100) NOT NULL,
  `phone` varchar(100) NOT NULL,
  `address` varchar(100) NOT NULL,
  `zipcode` varchar(5) NOT NULL,
  `social_id` varchar(100) NOT NULL,
  `create` varchar(100) NOT NULL,
  PRIMARY KEY (`id`)
) ENGINE=InnoDB DEFAULT CHARSET=utf8 AUTO_INCREMENT=1 ;

-- --------------------------------------------------------

--
-- Table structure for table `partner_content`
--

CREATE TABLE IF NOT EXISTS `partner_content` (
  `id` int(10) NOT NULL AUTO_INCREMENT,
  `content_subject` varchar(255) DEFAULT NULL,
  `content_hilight` text,
  `content_detail` text,
  `content_address` text,
  `content_price` int(100) DEFAULT NULL,
  `content_discount` int(100) NOT NULL,
  `content_website` varchar(200) DEFAULT NULL,
  `created` varchar(100) DEFAULT NULL,
  `content_status` int(10) DEFAULT NULL,
  `content_type` int(11) DEFAULT NULL,
  `property_code` varchar(100) DEFAULT NULL,
  `content_keyword` text,
  `latitude_text` text,
  `longitude_text` text,
  `category` text,
  `hashtag` text,
  `ref_code` varchar(100) NOT NULL,
  `content_price_discount` int(100) DEFAULT NULL,
  PRIMARY KEY (`id`)
) ENGINE=InnoDB  DEFAULT CHARSET=latin1 AUTO_INCREMENT=2 ;

--
-- Dumping data for table `partner_content`
--

INSERT INTO `partner_content` (`id`, `content_subject`, `content_hilight`, `content_detail`, `content_address`, `content_price`, `content_discount`, `content_website`, `created`, `content_status`, `content_type`, `property_code`, `content_keyword`, `latitude_text`, `longitude_text`, `category`, `hashtag`, `ref_code`, `content_price_discount`) VALUES
(1, 'tete 123 update', 'tete 123 update', 'tete 123 update', 'tete 123 update', 799, 12, 'www.facebook.com', '2015-12-26 21:59:49', 0, 2, '24642970', NULL, '', '', '["61","62","63","64","73","74","75","76"]', 'tete 123 update', 'YAYa30DXRD', 703);

-- --------------------------------------------------------

--
-- Table structure for table `payment_paysbuy`
--

CREATE TABLE IF NOT EXISTS `payment_paysbuy` (
  `id` int(1) NOT NULL AUTO_INCREMENT,
  `paysbuy_psb` varchar(100) COLLATE utf8_unicode_ci NOT NULL,
  `paysbuy_username` varchar(100) COLLATE utf8_unicode_ci NOT NULL,
  `paysbuy_secure_code` varchar(100) COLLATE utf8_unicode_ci NOT NULL,
  PRIMARY KEY (`id`)
) ENGINE=InnoDB  DEFAULT CHARSET=utf8 COLLATE=utf8_unicode_ci AUTO_INCREMENT=2 ;

--
-- Dumping data for table `payment_paysbuy`
--

INSERT INTO `payment_paysbuy` (`id`, `paysbuy_psb`, `paysbuy_username`, `paysbuy_secure_code`) VALUES
(1, '7868300276', '24sdfsd234234', '234234sefsdf');

-- --------------------------------------------------------

--
-- Table structure for table `payment_type`
--

CREATE TABLE IF NOT EXISTS `payment_type` (
  `id` int(10) NOT NULL AUTO_INCREMENT,
  `payment_type` varchar(100) NOT NULL,
  PRIMARY KEY (`id`),
  KEY `id` (`id`)
) ENGINE=InnoDB  DEFAULT CHARSET=utf8 AUTO_INCREMENT=3 ;

--
-- Dumping data for table `payment_type`
--

INSERT INTO `payment_type` (`id`, `payment_type`) VALUES
(1, 'credit-card\r\n'),
(2, 'bank transfer');

-- --------------------------------------------------------

--
-- Table structure for table `policy`
--

CREATE TABLE IF NOT EXISTS `policy` (
  `policy_id` int(11) NOT NULL AUTO_INCREMENT,
  `property_code` int(20) NOT NULL,
  `policy_detail` text CHARACTER SET utf8 COLLATE utf8_unicode_ci NOT NULL,
  `datetime_update` datetime DEFAULT NULL,
  PRIMARY KEY (`policy_id`)
) ENGINE=InnoDB  DEFAULT CHARSET=latin1 AUTO_INCREMENT=2 ;

--
-- Dumping data for table `policy`
--

INSERT INTO `policy` (`policy_id`, `property_code`, `policy_detail`, `datetime_update`) VALUES
(1, 2464297, '<p>Hello World !!</p>\n', '2015-10-14 22:28:04');

-- --------------------------------------------------------

--
-- Table structure for table `province`
--

CREATE TABLE IF NOT EXISTS `province` (
  `PROVINCE_ID` int(5) NOT NULL AUTO_INCREMENT,
  `PROVINCE_CODE` varchar(2) COLLATE utf8_unicode_ci NOT NULL,
  `PROVINCE_NAME` varchar(150) COLLATE utf8_unicode_ci NOT NULL,
  `PROVINCE_NAME_EN` varchar(255) COLLATE utf8_unicode_ci NOT NULL,
  `GEO_ID` int(5) NOT NULL DEFAULT '0',
  PRIMARY KEY (`PROVINCE_ID`)
) ENGINE=MyISAM  DEFAULT CHARSET=utf8 COLLATE=utf8_unicode_ci AUTO_INCREMENT=78 ;

--
-- Dumping data for table `province`
--

INSERT INTO `province` (`PROVINCE_ID`, `PROVINCE_CODE`, `PROVINCE_NAME`, `PROVINCE_NAME_EN`, `GEO_ID`) VALUES
(1, '10', 'กรุงเทพมหานคร   ', 'Bangkok', 2),
(2, '11', 'สมุทรปราการ   ', 'Samutprakarn', 2),
(3, '12', 'นนทบุรี   ', 'Nonthaburi', 2),
(4, '13', 'ปทุมธานี   ', 'Pathumthani', 2),
(5, '14', 'พระนครศรีอยุธยา   ', 'Ayutthaya', 2),
(6, '15', 'อ่างทอง   ', 'Angthong', 2),
(7, '16', 'ลพบุรี   ', 'Lopburi', 2),
(8, '17', 'สิงห์บุรี   ', 'Singburi', 2),
(9, '18', 'ชัยนาท   ', 'Chainat', 2),
(10, '19', 'สระบุรี', 'Saraburi', 2),
(11, '20', 'ชลบุรี   ', 'Chonburi', 5),
(12, '21', 'ระยอง   ', 'Rayong', 5),
(13, '22', 'จันทบุรี   ', 'Chanthaburi', 5),
(14, '23', 'ตราด   ', 'Trad', 5),
(15, '24', 'ฉะเชิงเทรา   ', 'Chachoengsao', 5),
(16, '25', 'ปราจีนบุรี   ', 'Prachinburi', 5),
(17, '26', 'นครนายก   ', 'Nakornnayok', 2),
(18, '27', 'สระแก้ว   ', 'Sakaeo', 5),
(19, '30', 'นครราชสีมา   ', 'Nakornratchasima', 3),
(20, '31', 'บุรีรัมย์   ', 'Buriram', 3),
(21, '32', 'สุรินทร์   ', 'Surin', 3),
(22, '33', 'ศรีสะเกษ   ', 'Sisaket', 3),
(23, '34', 'อุบลราชธานี   ', 'Ubon ratchathani', 3),
(24, '35', 'ยโสธร   ', 'Yasothorn', 3),
(25, '36', 'ชัยภูมิ   ', 'Chaiyaphum', 3),
(26, '37', 'อำนาจเจริญ   ', 'Amnatcharoen', 3),
(27, '39', 'หนองบัวลำภู   ', 'Nongbualamphu', 3),
(28, '40', 'ขอนแก่น   ', 'Khonkaen', 3),
(29, '41', 'อุดรธานี   ', 'Udonthani', 3),
(30, '42', 'เลย   ', 'Loei', 3),
(31, '43', 'หนองคาย   ', 'Nongkhai', 3),
(32, '44', 'มหาสารคาม   ', 'Mahasarakham', 3),
(33, '45', 'ร้อยเอ็ด   ', 'Roi et', 3),
(34, '46', 'กาฬสินธุ์   ', 'Kalasin', 3),
(35, '47', 'สกลนคร   ', 'Sakonnakhon', 3),
(36, '48', 'นครพนม   ', 'Nakorn panom', 3),
(37, '49', 'มุกดาหาร   ', 'Mukdahan', 3),
(38, '50', 'เชียงใหม่   ', 'Chiang Mai ', 1),
(39, '51', 'ลำพูน   ', 'Lampoon', 1),
(40, '52', 'ลำปาง   ', 'Lampang', 1),
(41, '53', 'อุตรดิตถ์   ', 'Uttaradit', 1),
(42, '54', 'แพร่   ', 'Phrae', 1),
(43, '55', 'น่าน   ', 'Nan', 1),
(44, '56', 'พะเยา   ', 'Phayao', 1),
(45, '57', 'เชียงราย   ', 'Chiang rai', 1),
(46, '58', 'แม่ฮ่องสอน   ', 'Maehongson', 1),
(47, '60', 'นครสวรรค์   ', 'Nakhonsawan', 2),
(48, '61', 'อุทัยธานี   ', 'Uthaithani', 2),
(49, '62', 'กำแพงเพชร   ', 'Kamphaengphet', 2),
(50, '63', 'ตาก   ', 'Tak', 4),
(51, '64', 'สุโขทัย   ', 'Sukhothai', 2),
(52, '65', 'พิษณุโลก   ', 'Phitsanulok', 2),
(53, '66', 'พิจิตร   ', 'Pichit', 2),
(54, '67', 'เพชรบูรณ์   ', 'Phetchabun', 2),
(55, '70', 'ราชบุรี   ', 'Ratchaburi', 4),
(56, '71', 'กาญจนบุรี   ', 'Kanchanaburi', 4),
(57, '72', 'สุพรรณบุรี   ', 'Suphanburi', 2),
(58, '73', 'นครปฐม   ', 'Nakhon pathom', 2),
(59, '74', 'สมุทรสาคร   ', 'Samutsakhon', 2),
(60, '75', 'สมุทรสงคราม   ', 'Samutsongkhram', 2),
(61, '76', 'เพชรบุรี   ', 'Phetchaburi', 4),
(62, '77', 'ประจวบคีรีขันธ์   ', 'Prajuabkirikhan', 4),
(63, '80', 'นครศรีธรรมราช   ', 'Nakornsrithammarat', 6),
(64, '81', 'กระบี่   ', 'Krabi', 6),
(65, '82', 'พังงา   ', 'Phang nga', 6),
(66, '83', 'ภูเก็ต   ', 'Phuket', 6),
(67, '84', 'สุราษฎร์ธานี   ', 'Suratthani', 6),
(68, '85', 'ระนอง   ', 'Ranong', 6),
(69, '86', 'ชุมพร   ', 'Chumphon', 6),
(70, '90', 'สงขลา   ', 'Songkhla', 6),
(71, '91', 'สตูล   ', 'Satun', 6),
(72, '92', 'ตรัง   ', 'Trang', 6),
(73, '93', 'พัทลุง   ', 'Pattalung', 6),
(74, '94', 'ปัตตานี   ', 'Pattani', 6),
(75, '95', 'ยะลา   ', 'Yala', 6),
(76, '96', 'นราธิวาส   ', 'Narathiwat', 6),
(77, '97', 'บึงกาฬ', 'Buengkan', 3);

-- --------------------------------------------------------

--
-- Table structure for table `rest`
--

CREATE TABLE IF NOT EXISTS `rest` (
  `rest_id` int(11) NOT NULL AUTO_INCREMENT,
  `rest_name` varchar(255) CHARACTER SET utf8 COLLATE utf8_unicode_ci NOT NULL,
  PRIMARY KEY (`rest_id`)
) ENGINE=InnoDB  DEFAULT CHARSET=latin1 AUTO_INCREMENT=9 ;

--
-- Dumping data for table `rest`
--

INSERT INTO `rest` (`rest_id`, `rest_name`) VALUES
(1, 'Hotels'),
(2, 'Resort'),
(3, 'Service apartment'),
(4, 'House for rent  4 PP ++'),
(5, 'Home stay'),
(6, 'Hostel'),
(7, 'Guest house'),
(8, 'Budget');

-- --------------------------------------------------------

--
-- Table structure for table `room_type`
--

CREATE TABLE IF NOT EXISTS `room_type` (
  `room_id` int(100) NOT NULL AUTO_INCREMENT,
  `value` varchar(200) NOT NULL,
  PRIMARY KEY (`room_id`)
) ENGINE=InnoDB  DEFAULT CHARSET=utf8 AUTO_INCREMENT=16 ;

--
-- Dumping data for table `room_type`
--

INSERT INTO `room_type` (`room_id`, `value`) VALUES
(1, 'Single: ( one or two singles bed)'),
(2, 'Double:  ( One bed for two people)'),
(3, 'Triple:   ( One and double bed for 3 people or 3 beds)'),
(4, 'King: ( King size bed )'),
(5, 'Twin: ( Two twin bed )'),
(6, 'Studio:  ( studio bed + additional bed )'),
(7, 'Suite:  ( Living room connected with room)'),
(8, 'Connecting rooms ( Rooms connecting door between )'),
(9, 'House / Apatment   / Studio /villa ( More than 1 bed room)'),
(10, 'Single: ( one or two singles bed)'),
(11, 'Seaview'),
(12, 'Moutain view'),
(13, 'Lake view'),
(14, 'River view'),
(15, 'Garden view');

-- --------------------------------------------------------

--
-- Table structure for table `rules`
--

CREATE TABLE IF NOT EXISTS `rules` (
  `rules_id` int(11) NOT NULL,
  `property_code` int(20) NOT NULL,
  `rules_detail` text CHARACTER SET utf8 COLLATE utf8_unicode_ci NOT NULL,
  `datetime_update` datetime DEFAULT NULL
) ENGINE=InnoDB DEFAULT CHARSET=latin1;

--
-- Dumping data for table `rules`
--

INSERT INTO `rules` (`rules_id`, `property_code`, `rules_detail`, `datetime_update`) VALUES
(1, 2464297, '<p>dfgdfgfsdfsdfsdf</p>\n', '2015-10-11 00:53:37'),
(1, 2464297, '<p>dfgdfgfsdfsdfsdf</p>\n', '2015-10-11 00:53:37');

-- --------------------------------------------------------

--
-- Table structure for table `service`
--

CREATE TABLE IF NOT EXISTS `service` (
  `service_id` int(11) NOT NULL AUTO_INCREMENT,
  `property_code` int(11) NOT NULL,
  `include_breakfast` int(11) NOT NULL,
  `breakfast_price` int(11) NOT NULL,
  `smoking` int(11) NOT NULL,
  `pet_allowed` int(11) NOT NULL,
  `type_of_room` int(11) NOT NULL,
  `datetime_update` datetime NOT NULL,
  PRIMARY KEY (`service_id`)
) ENGINE=InnoDB  DEFAULT CHARSET=latin1 AUTO_INCREMENT=3 ;

--
-- Dumping data for table `service`
--

INSERT INTO `service` (`service_id`, `property_code`, `include_breakfast`, `breakfast_price`, `smoking`, `pet_allowed`, `type_of_room`, `datetime_update`) VALUES
(1, 2464297, 1, 0, 1, 1, 1, '2015-12-27 09:23:50'),
(2, 1222991, 1, 0, 0, 1, 1, '2015-10-23 08:09:50');

-- --------------------------------------------------------

--
-- Table structure for table `special_type`
--

CREATE TABLE IF NOT EXISTS `special_type` (
  `special_type_id` int(11) NOT NULL,
  `special_type_name` varchar(50) DEFAULT NULL,
  PRIMARY KEY (`special_type_id`)
) ENGINE=InnoDB DEFAULT CHARSET=latin1;

--
-- Dumping data for table `special_type`
--

INSERT INTO `special_type` (`special_type_id`, `special_type_name`) VALUES
(1, 'Promotions'),
(2, 'Last Minute'),
(3, 'Special rate non refundable');

-- --------------------------------------------------------

--
-- Table structure for table `static_page`
--

CREATE TABLE IF NOT EXISTS `static_page` (
  `id` int(11) NOT NULL AUTO_INCREMENT,
  `description` text NOT NULL,
  PRIMARY KEY (`id`),
  KEY `id` (`id`)
) ENGINE=InnoDB  DEFAULT CHARSET=utf8 AUTO_INCREMENT=11 ;

--
-- Dumping data for table `static_page`
--

INSERT INTO `static_page` (`id`, `description`) VALUES
(1, 'sdfsdfds'),
(2, 'dddd'),
(3, 'ffffff'),
(4, 'ssss'),
(5, 'sdfsdfกดเกดเกดเ'),
(6, 'fsdfsdf'),
(7, 'fsdfsdf'),
(8, 'xvdfgdg'),
(9, ''),
(10, '');

-- --------------------------------------------------------

--
-- Table structure for table `term_policy`
--

CREATE TABLE IF NOT EXISTS `term_policy` (
  `term_policy_id` int(11) NOT NULL AUTO_INCREMENT,
  `property_code` int(11) NOT NULL,
  `check_in_after` int(11) NOT NULL,
  `check_in_before` int(11) NOT NULL,
  `check_out_before` int(11) NOT NULL,
  `maximum_people_allowed` int(11) NOT NULL,
  `maximum_extra_bed_allow` int(11) NOT NULL,
  `extra_guess_charge` int(11) NOT NULL,
  `breakfast_per_person` int(11) NOT NULL,
  `infant_or_children_age_under` int(11) NOT NULL,
  `more_trems_conditions` text NOT NULL,
  `datetime_update` datetime NOT NULL,
  PRIMARY KEY (`term_policy_id`)
) ENGINE=InnoDB  DEFAULT CHARSET=latin1 AUTO_INCREMENT=2 ;

--
-- Dumping data for table `term_policy`
--

INSERT INTO `term_policy` (`term_policy_id`, `property_code`, `check_in_after`, `check_in_before`, `check_out_before`, `maximum_people_allowed`, `maximum_extra_bed_allow`, `extra_guess_charge`, `breakfast_per_person`, `infant_or_children_age_under`, `more_trems_conditions`, `datetime_update`) VALUES
(1, 2464297, 1, 1, 1, 1, 1, 1, 1, 1, '1', '2015-07-21 18:07:02');

-- --------------------------------------------------------

--
-- Table structure for table `translate`
--

CREATE TABLE IF NOT EXISTS `translate` (
  `id` int(100) NOT NULL AUTO_INCREMENT,
  `translate_key` text NOT NULL,
  `translate_en` text NOT NULL,
  `translate_th` text NOT NULL,
  PRIMARY KEY (`id`)
) ENGINE=InnoDB  DEFAULT CHARSET=utf8 AUTO_INCREMENT=11 ;

--
-- Dumping data for table `translate`
--

INSERT INTO `translate` (`id`, `translate_key`, `translate_en`, `translate_th`) VALUES
(1, 'overview', 'overview', 'อธิบายโดยสรุป'),
(2, 'property', 'property', 'ที่พัก'),
(3, 'gallery', 'gallery', 'แกลลอรี่'),
(4, ' description_about_your_property', 'Description about your property', 'บรรยายเกี่ยวกับที่พัก'),
(5, 'rule_policy_terms_and_conditions', 'Rule,policy,terms and conditions', 'กฎ,นโยบาย,เงื่อนไขและข้อตกลง'),
(6, 'include_breakfast', 'Include Breakfast', 'รวมอาหารเช้า'),
(7, 'breakfast_price', 'Breakfast price', 'อาหารเช้าราคา'),
(10, 'carpet_floor', 'Carpet Floor', 'พื้นพรม');

-- --------------------------------------------------------

--
-- Table structure for table `user_group`
--

CREATE TABLE IF NOT EXISTS `user_group` (
  `id` int(11) NOT NULL AUTO_INCREMENT,
  `user_group` varchar(255) COLLATE utf8_unicode_ci NOT NULL,
  PRIMARY KEY (`id`)
) ENGINE=InnoDB  DEFAULT CHARSET=utf8 COLLATE=utf8_unicode_ci AUTO_INCREMENT=5 ;

--
-- Dumping data for table `user_group`
--

INSERT INTO `user_group` (`id`, `user_group`) VALUES
(1, 'Accomodation'),
(2, 'Dining out'),
(3, 'Local package'),
(4, 'Thing to do');

-- --------------------------------------------------------

--
-- Table structure for table `user_profile`
--

CREATE TABLE IF NOT EXISTS `user_profile` (
  `profile_id` int(11) NOT NULL AUTO_INCREMENT,
  `property_code` int(20) NOT NULL,
  `login_name` varchar(20) DEFAULT NULL,
  `password` varchar(255) NOT NULL,
  `user_group` int(12) NOT NULL,
  `first_name` varchar(255) NOT NULL,
  `user_verify` int(2) NOT NULL,
  `admin_approve` int(1) NOT NULL DEFAULT '0',
  `last_name` varchar(255) NOT NULL,
  `email` varchar(255) NOT NULL,
  `nationality` varchar(255) NOT NULL,
  `country_id` int(11) DEFAULT NULL,
  `backup_email` varchar(255) NOT NULL,
  `mobile` varchar(20) NOT NULL,
  `address` varchar(500) NOT NULL,
  `city` varchar(255) NOT NULL,
  `province` varchar(255) NOT NULL,
  `postcode` varchar(20) NOT NULL,
  `external_number` varchar(20) NOT NULL,
  `qouta` int(10) NOT NULL DEFAULT '5',
  `datetime_update` timestamp NOT NULL DEFAULT CURRENT_TIMESTAMP,
  `last_login` timestamp NULL DEFAULT NULL,
  PRIMARY KEY (`profile_id`)
) ENGINE=InnoDB  DEFAULT CHARSET=utf8 AUTO_INCREMENT=19 ;

--
-- Dumping data for table `user_profile`
--

INSERT INTO `user_profile` (`profile_id`, `property_code`, `login_name`, `password`, `user_group`, `first_name`, `user_verify`, `admin_approve`, `last_name`, `email`, `nationality`, `country_id`, `backup_email`, `mobile`, `address`, `city`, `province`, `postcode`, `external_number`, `qouta`, `datetime_update`, `last_login`) VALUES
(1, 2464297, 'accomodation', 'fe01ce2a7fbac8fafaed7c982a04e229', 1, '123423432', 1, 0, 'fsdfsdfsdfsdf', 'accomodation@wizcation.com', 'sdfsdf', 16, 'ssssssssssssss', 'ssssssssss', 'sdfsdf', 'fsdf342342342', 'sdf4234234rwerwer', 'fsdfsdfsdfsd', 'fsdfsd234234', 5, '2015-10-17 20:28:12', '2015-12-27 04:16:17'),
(2, 24642970, 'test', 'fe01ce2a7fbac8fafaed7c982a04e229', 2, 'chawanrat', 0, 0, 'fsdfsdfsdfsdf', 'diningout@hotmail.com', 'sdfsdf', 6, 'mz.chewii@gmail.com', '1', 'sdfsdf', 'fsdf342342342', '3', 'fsdfsdfsdfsd', 'fsdfsd234234', 5, '2015-12-23 02:34:32', '2015-10-23 05:22:09'),
(6, 1222991, 'demo_account', '827ccb0eea8a706c4c34a16891f84e7b', 1, 'accomodation 1', 1, 0, 'last', 'demo_account@wizcation.com', 'ไทย', 211, 'golfcamel22@gmail.com', '832295454', ' Yak 79 Ramkhamhang', ' ', 'Bangkok', '10240', ' ', 5, '2015-10-14 09:28:06', '2015-10-29 01:14:55'),
(7, 1222992, 'demo_hotel', 'fe01ce2a7fbac8fafaed7c982a04e229', 1, 'accomodation 1', 1, 0, 'last', 'demo_account@wizcation.com', 'ไทย', 211, 'golfcamel22@gmail.com', '832295454', ' Yak 79 Ramkhamhang', ' ', 'Bangkok', '10240', ' ', 5, '2015-10-14 09:28:06', '2015-10-23 05:22:09'),
(9, 13, 'karn_nisa@hotmail.co', '904f06d18b94803d8c93a118c8e39103', 3, 'Nisakarn', 1, 0, 'Thansinpaisan', 'karn_nisa@hotmail.com', '', NULL, '', '0610643340', '', '', '', '', '', 5, '2015-10-17 17:53:13', '2015-10-23 05:22:09'),
(10, 1, 'admin', '21232f297a57a5a743894a0e4a801fc3', 5, 'admin', 1, 0, 'admin', 'admin@wizcation.com', 'thai', 16, 'ssssssssssssss', 'ssssssssss', 'sdfsdf', 'fsdf342342342', 'sdf4234234rwerwer', '15140', '0898117873', 5, '2015-10-17 20:28:12', '2015-10-23 05:22:09'),
(11, 10, 'mz.chewii1@gmail.com', 'fe01ce2a7fbac8fafaed7c982a04e229', 1, 'ชวัลรัตน์', 1, 0, 'ชัยยะ', 'mz.chewii1@gmail.com', '', NULL, '', '+66898117873', '', '', '', '', '', 5, '2015-12-10 13:50:27', '2015-12-13 00:46:05'),
(12, 15, 'mz2hewii@gmail.com', '255bcfec1bba80a3a4783d502282eccc', 1, 'ชวัลรัตน์', 0, 0, 'ชัยยะ', 'mz2hewii@gmail.com', '', NULL, '', '+66898117873', '', '', '', '', '', 5, '2015-12-20 06:49:56', NULL),
(13, 24642971, 'test1', 'fe01ce2a7fbac8fafaed7c982a04e229', 3, 'chawanrat', 0, 0, 'fsdfsdfsdfsdf', 'diningout@hotmail.com', 'sdfsdf', 6, 'mz.chewii@gmail.com', '1', 'sdfsdf', 'fsdf342342342', '3', 'fsdfsdfsdfsd', 'fsdfsd234234', 5, '2015-12-23 02:34:32', '2015-10-23 05:22:09'),
(14, 24642972, 'test3', 'fe01ce2a7fbac8fafaed7c982a04e229', 4, 'chawanrat', 0, 0, 'fsdfsdfsdfsdf', 'diningout@hotmail.com', 'sdfsdf', 6, 'mz.chewii@gmail.com', '1', 'sdfsdf', 'fsdf342342342', '3', 'fsdfsdfsdfsd', 'fsdfsd234234', 5, '2015-12-23 02:34:32', '2015-10-23 05:22:09'),
(17, 22, 'mz.chewii@gmail.com', '', 1, 'ชวัลรัตน์', 0, 0, 'ชัยยะ', 'mz.chewii@gmail.com', '', NULL, '', '+66898117873', '', '', '', '', '', 5, '2015-12-27 01:12:08', NULL),
(18, 12, 'palmiez_ka@hotmail.c', '', 4, 'ชวัลรัตน์', 0, 0, 'ชัยยะ', 'palmiez_ka@hotmail.com', '', NULL, '', '+66898117873', '', '', '', '', '', 5, '2015-12-27 01:30:11', NULL);

/*!40101 SET CHARACTER_SET_CLIENT=@OLD_CHARACTER_SET_CLIENT */;
/*!40101 SET CHARACTER_SET_RESULTS=@OLD_CHARACTER_SET_RESULTS */;
/*!40101 SET COLLATION_CONNECTION=@OLD_COLLATION_CONNECTION */;